log10_distance	DMSO_mean	SGI-1027_mean
2.95	0.00022285	0.000183835
3	0.0231186	0.0183255
3.05	0.0205893	0.0160348
3.1	0.0201003	0.0155644
3.15	0.0194861	0.0151072
3.2	0.0190598	0.0149325
3.25	0.0182658	0.0143982
3.3	0.0174466	0.0138313
3.35	0.0166352	0.0135272
3.4	0.0158653	0.0129014
3.45	0.0149389	0.0122528
3.5	0.014147	0.0118626
3.55	0.0133629	0.01126
3.6	0.0127034	0.010918
3.65	0.0121619	0.0105315
3.7	0.0116566	0.0101656
3.75	0.0112621	0.00987086
3.8	0.0109129	0.00963326
3.85	0.0105987	0.00935532
3.9	0.0103854	0.00905683
3.95	0.0101335	0.00890462
4	0.00994321	0.00871076
4.05	0.00979361	0.00861693
4.1	0.00967425	0.0083653
4.15	0.00953346	0.0082306
4.2	0.00942624	0.00802343
4.25	0.00937757	0.0079519
4.3	0.00930636	0.00785688
4.35	0.00929254	0.00780452
4.4	0.00923571	0.0076836
4.45	0.00920027	0.00754506
4.5	0.00924428	0.00745095
4.55	0.00922862	0.00751345
4.6	0.0092571	0.00736947
4.65	0.00934234	0.00735311
4.7	0.00943478	0.00739217
4.75	0.00954923	0.00746675
4.8	0.00964415	0.00757425
4.85	0.00984656	0.00757286
4.9	0.0100531	0.0077154
4.95	0.0102252	0.00793853
5	0.0105182	0.0081927
5.05	0.0107646	0.0083232
5.1	0.0110728	0.00855414
5.15	0.0114394	0.00879013
5.2	0.0117838	0.00909417
5.25	0.0121131	0.00961755
5.3	0.0124681	0.00978863
5.35	0.0128324	0.0101627
5.4	0.0131856	0.0105646
5.45	0.0135562	0.0110312
5.5	0.0137729	0.0113421
5.55	0.0140091	0.0117187
5.6	0.0142176	0.012106
5.65	0.0142853	0.0125218
5.7	0.0144092	0.0128237
5.75	0.0144259	0.0132326
5.8	0.0143347	0.0135454
5.85	0.0140713	0.0135393
5.9	0.0138528	0.0137862
5.95	0.0134916	0.0140015
6	0.01306	0.0140022
6.05	0.0125938	0.0138722
6.1	0.0120335	0.0138592
6.15	0.0113684	0.0136048
6.2	0.0106759	0.0132241
6.25	0.0100077	0.013026
6.3	0.00922551	0.0124446
6.35	0.00848693	0.012043
6.4	0.00785405	0.011448
6.45	0.0072052	0.0110313
6.5	0.0065596	0.0104075
6.55	0.00599173	0.00987284
6.6	0.00548636	0.00920211
6.65	0.00510186	0.00880609
6.7	0.00475137	0.0082134
6.75	0.0044374	0.00786914
6.8	0.00421845	0.00748915
6.85	0.0040442	0.00716111
6.9	0.00395871	0.00698885
6.95	0.00385793	0.00690412
7	0.00378756	0.00670012
7.05	0.0037643	0.00663893
7.1	0.0037587	0.0066214
7.15	0.00378947	0.00668647
7.2	0.00381813	0.00665526
7.25	0.00385748	0.00670685
7.3	0.00395425	0.00686406
7.35	0.00410493	0.00711317
7.4	0.00426554	0.00745478
7.45	0.00436523	0.00753035
7.5	0.00441495	0.00762209
7.55	0.00445939	0.00767268
7.6	0.00447774	0.00768366
7.65	0.00446115	0.00751681
7.7	0.00440711	0.00749632
7.75	0.00436081	0.00728974
7.8	0.00434007	0.0071374
7.85	0.00399546	0.00671179
7.9	0.00363491	0.00611331
7.95	0.0035857	0.00597224
8	0.00325232	0.00524476
8.05	0.00290512	0.00464637
8.1	0.00240202	0.00378733
8.15	0.0019113	0.00295129
8.2	0.00134527	0.00204406
8.25	0.000873268	0.00135339
8.3	0.000522822	0.000825907
