attribute	treatment	n	mean	sem	n_vehicle	mean_vehicle	delta_vs_vehicle	p_value	q_value	neg_log10_q
relative_strength_extent10_log2	Chidamide	4	-0.329564	0.00475744	131	-0.615448	0.285884	2.32553e-10	1.16276e-09	8.93451
relative_strength_extent10_log2	CI-994	4	-0.884705	0.0151623	131	-0.615448	-0.269257	1.86378e-09	4.65944e-09	8.33167
relative_strength_extent10_log2	N-Oxalylglycine	4	-0.73792	0.00221683	131	-0.615448	-0.122472	0.00386741	0.00560535	2.2514
relative_strength_extent10_log2	Daminozide	4	-0.735877	0.00344827	131	-0.615448	-0.120429	0.00448428	0.00560535	2.2514
relative_strength_extent10_log2	Sulforaphane	4	-0.658386	0.0277015	131	-0.615448	-0.0429381	0.306918	0.306918	0.512978
saddle_strength_extent10_log2	Chidamide	4	1.0915	0.0153375	131	1.46528	-0.37378	0.00197185	0.00985925	2.00616
saddle_strength_extent10_log2	CI-994	4	1.79917	0.0278491	131	1.46528	0.333889	0.00555579	0.0138895	1.85731
saddle_strength_extent10_log2	N-Oxalylglycine	4	1.65751	0.013006	131	1.46528	0.192224	0.106811	0.178018	0.749537
saddle_strength_extent10_log2	Daminozide	4	1.62393	0.0144384	131	1.46528	0.158646	0.182525	0.224516	0.648753
saddle_strength_extent10_log2	Sulforaphane	4	1.61222	0.144646	131	1.46528	0.146932	0.224516	0.224516	0.648753
