x	experiment-04_plate-c_human_ngn2-ipsc-derived_drug-panel-2_24h_sample-0031	experiment-04_plate-c_human_ngn2-ipsc-derived_drug-panel-2_24h_sample-0032	experiment-04_plate-c_human_ngn2-ipsc-derived_drug-panel-2_24h_sample-0033
2.95	0.00016258874	0.00017360771	0.00021530742
3.0	0.016755445	0.017123441	0.021097574
3.05	0.014788532	0.015406932	0.017908812
3.1	0.014546116	0.015195693	0.016951417
3.15	0.01420333	0.014870554	0.016247626
3.2	0.014179264	0.014736585	0.015881688
3.25	0.013713216	0.014324643	0.015156621
3.3	0.013066383	0.013989972	0.014437511
3.35	0.013042317	0.013517819	0.014021364
3.4	0.012381984	0.012932269	0.013389909
3.45	0.011850195	0.012372811	0.012535487
3.5	0.011626562	0.011976423	0.011984879
3.55	0.011061317	0.011483699	0.011235133
3.6	0.010850597	0.011031616	0.010871748
3.65	0.010665117	0.010615158	0.010314332
3.7	0.010250721	0.010219273	0.010026688
3.75	0.009921435	0.0099844506	0.0097067053
3.8	0.0098603909	0.0096603159	0.0093790636
3.85	0.0094383645	0.009470652	0.009156948
3.9	0.009271667	0.0091801351	0.008718674
3.95	0.0090562516	0.0089116954	0.0087459066
4.0	0.0087844877	0.0086733611	0.0086744211
4.05	0.0088825106	0.0085449115	0.008423371
4.1	0.0086430297	0.0083928793	0.0080599865
4.15	0.00835307	0.0082157593	0.0081229618
4.2	0.0082127858	0.0080732604	0.0077842569
4.25	0.0081083064	0.0079954882	0.0077519182
4.3	0.0080208489	0.007899151	0.0076506471
4.35	0.0078271511	0.0079076808	0.0076787307
4.4	0.0077807811	0.0077521364	0.0075178884
4.45	0.0076721929	0.007548925	0.0074140643
4.5	0.0075424741	0.0075163108	0.0072940708
4.55	0.0075553873	0.0075479215	0.0074370417
4.6	0.0074614732	0.0074039174	0.0072430097
4.65	0.0073792984	0.0073612681	0.0073187503
4.7	0.0074444513	0.0074209771	0.0073110911
4.75	0.0075307348	0.0075022617	0.0073672583
4.8	0.0076199532	0.0076904203	0.0074123622
4.85	0.0075788658	0.0076141533	0.0075255475
4.9	0.0076698451	0.0078469683	0.0076293717
4.95	0.00784476	0.0080572042	0.0079136115
5.0	0.0081053716	0.0083276509	0.0081450883
5.05	0.0082767648	0.0085383886	0.0081544495
5.1	0.0083818311	0.0086708523	0.0086097438
5.15	0.0086494863	0.0088745654	0.0088463267
5.2	0.0088249882	0.0093763218	0.0090812075
5.25	0.0094266252	0.0097124986	0.0097135135
5.3	0.0096308883	0.0099984997	0.0097364909
5.35	0.009936696	0.010481189	0.01007009
5.4	0.010291809	0.010896142	0.010505811
5.45	0.01081714	0.011318621	0.010957701
5.5	0.011112383	0.011532369	0.011381508
5.55	0.011444604	0.011891627	0.011819782
5.6	0.011888348	0.012460117	0.011969561
5.65	0.012180068	0.012790272	0.012595059
5.7	0.012608551	0.013125446	0.012737179
5.75	0.012978338	0.013482696	0.013236726
5.8	0.013355168	0.013837438	0.013443523
5.85	0.013399778	0.013874066	0.013343954
5.9	0.013549453	0.014065235	0.013743932
5.95	0.013749607	0.014357759	0.013897115
6.0	0.013879913	0.01420071	0.01392605
6.05	0.013822391	0.014119927	0.013674149
6.1	0.01382063	0.014169601	0.013587345
6.15	0.013611084	0.013827905	0.013375442
6.2	0.013283559	0.013294036	0.013094606
6.25	0.012976577	0.013224793	0.012876745
6.3	0.012459463	0.012611145	0.012263162
6.35	0.012211764	0.011989469	0.011927861
6.4	0.011572562	0.011611145	0.011160243
6.45	0.011316059	0.011132469	0.010645378
6.5	0.01080364	0.01046714	0.0099517984
6.55	0.010039415	0.0099106924	0.0096684096
6.6	0.0094049076	0.0092087352	0.0089927017
6.65	0.0091982966	0.0087310631	0.0084888993
6.7	0.0085667245	0.0082092364	0.0078642525
6.75	0.0081593722	0.0078203752	0.0076276696
6.8	0.0077614113	0.0074485737	0.007257477
6.85	0.0074902344	0.0071670884	0.0068260112
6.9	0.0072965366	0.0069086838	0.0067613339
6.95	0.0071738614	0.0067320656	0.0068064378
7.0	0.0070617514	0.0065198226	0.0065187939
7.05	0.0069197064	0.006529356	0.0064677328
7.1	0.0070124465	0.0064129485	0.0064387982
7.15	0.0070899257	0.0064540926	0.0065153898
7.2	0.0070118596	0.006525342	0.006428586
7.25	0.006957859	0.0065579561	0.0066047466
7.3	0.0071850137	0.0066603144	0.0067468666
7.35	0.0074597123	0.0068554977	0.0070242983
7.4	0.0078359556	0.0071866569	0.0073417278
7.45	0.0078424122	0.0072528887	0.0074957619
7.5	0.0079175434	0.0074214789	0.0075272496
7.55	0.007956283	0.0072860047	0.0077757467
7.6	0.0079504134	0.007429507	0.0076710715
7.65	0.0076780626	0.0074285035	0.0074438499
7.7	0.0077766723	0.0072599133	0.00745236
7.75	0.0075377784	0.0070050211	0.0073264095
7.8	0.007401016	0.0068745644	0.0071366326
7.85	0.0069379023	0.006506777	0.0066906994
7.9	0.0063474175	0.0059137009	0.0060788178
7.95	0.0062024377	0.0056984474	0.0060158425
8.0	0.0053859722	0.0050481711	0.0053001368
8.05	0.0048805971	0.0044204739	0.0046380452
8.1	0.0039831307	0.0035484212	0.0038304297
8.15	0.0031238169	0.0027395899	0.0029904754
8.2	0.0021271538	0.0019302569	0.0020747806
8.25	0.0014873642	0.0012333172	0.0013395015
8.3	0.00086929215	0.00076166621	0.00084676239
