x	experiment-04_plate-c_human_ngn2-ipsc-derived_drug-panel-2_24h_sample-0013	experiment-04_plate-c_human_ngn2-ipsc-derived_drug-panel-2_24h_sample-0014	experiment-04_plate-c_human_ngn2-ipsc-derived_drug-panel-2_24h_sample-0015	experiment-04_plate-c_human_ngn2-ipsc-derived_drug-panel-2_24h_sample-0025	experiment-04_plate-c_human_ngn2-ipsc-derived_drug-panel-2_24h_sample-0026	experiment-04_plate-c_human_ngn2-ipsc-derived_drug-panel-2_24h_sample-0027	experiment-04_plate-c_human_ngn2-ipsc-derived_drug-panel-2_24h_sample-0076	experiment-04_plate-c_human_ngn2-ipsc-derived_drug-panel-2_24h_sample-0077	experiment-04_plate-c_human_ngn2-ipsc-derived_drug-panel-2_24h_sample-0078	experiment-04_plate-c_human_ngn2-ipsc-derived_drug-panel-2_24h_sample-0085	experiment-04_plate-c_human_ngn2-ipsc-derived_drug-panel-2_24h_sample-0086	experiment-04_plate-c_human_ngn2-ipsc-derived_drug-panel-2_24h_sample-0106	experiment-04_plate-c_human_ngn2-ipsc-derived_drug-panel-2_24h_sample-0107	experiment-04_plate-c_human_ngn2-ipsc-derived_drug-panel-2_24h_sample-0108	experiment-04_plate-c_human_ngn2-ipsc-derived_drug-panel-2_24h_sample-0139	experiment-04_plate-c_human_ngn2-ipsc-derived_drug-panel-2_24h_sample-0140
2.95	0.00024720625	0.00025927035	0.00020420275	0.00028349893	0.00021410237	0.00024727113	0.0001702652	0.00017963535	0.00019530268	0.00021778694	0.00022040761	0.00023317594	0.00022400699	0.00025298993	0.00020517569	0.00021130815
3.0	0.027331504	0.025730075	0.023010459	0.028078426	0.024791172	0.025650308	0.018855275	0.018944336	0.01941902	0.020780417	0.022589862	0.02417285	0.02308324	0.025961773	0.020229522	0.021269804
3.05	0.02543689	0.022797169	0.020821661	0.024832852	0.0227223	0.021895341	0.016798791	0.017244994	0.017647287	0.018850033	0.02002384	0.021473006	0.020799235	0.022464715	0.017807992	0.017813164
3.1	0.024659141	0.022309426	0.020617458	0.023906405	0.022367815	0.021504445	0.016482736	0.01714305	0.017338675	0.018161243	0.019477297	0.020777642	0.020395156	0.021903393	0.017390211	0.017170765
3.15	0.023146112	0.021506547	0.020038033	0.022764137	0.021440038	0.021011383	0.016497102	0.016623053	0.017044897	0.018030466	0.019224063	0.019972352	0.019888974	0.021075906	0.016639805	0.016874707
3.2	0.022135735	0.020743776	0.019727262	0.022006135	0.02143847	0.020542012	0.016374724	0.016137996	0.016916756	0.017467763	0.018609735	0.019944038	0.019501603	0.020554114	0.016392337	0.016463956
3.25	0.02090731	0.019930155	0.019073813	0.020832284	0.020453442	0.01955737	0.016025148	0.015647185	0.016159855	0.016904018	0.018032071	0.018680724	0.018851859	0.019579048	0.015807672	0.015810257
3.3	0.019531829	0.018831479	0.018366123	0.019897564	0.019177455	0.018737822	0.015624493	0.015057718	0.015628335	0.016251178	0.017300932	0.017796321	0.017902614	0.018609254	0.015116704	0.015316451
3.35	0.018011194	0.017660465	0.01758058	0.018373288	0.018224582	0.017809444	0.015288751	0.014712423	0.015072093	0.01559938	0.016604751	0.016870279	0.017494203	0.017660542	0.014456027	0.014745241
3.4	0.017133295	0.016923478	0.016716547	0.017176125	0.017259945	0.017001001	0.014849254	0.014072806	0.014592077	0.015142445	0.015830127	0.016387272	0.016463276	0.016363309	0.013730768	0.014202281
3.45	0.015802184	0.015640734	0.015362428	0.015900004	0.016357264	0.015705419	0.014330477	0.013476762	0.014028007	0.014385922	0.01515782	0.015248874	0.0155196	0.015493656	0.013098096	0.013515247
3.5	0.014780398	0.01468745	0.014778536	0.014529132	0.015136175	0.014787406	0.013848414	0.012978551	0.013525741	0.013716409	0.014260415	0.014617633	0.014610577	0.014673416	0.012559152	0.012863242
3.55	0.013821365	0.013719842	0.01393939	0.013575613	0.014107228	0.014065582	0.013260467	0.012360721	0.012887093	0.013301676	0.013450407	0.013657448	0.013687322	0.013938823	0.01166701	0.012366612
3.6	0.013078478	0.012834598	0.013160867	0.012780012	0.013396691	0.012986917	0.012907699	0.012040912	0.012469705	0.012641542	0.01291708	0.012922944	0.013053048	0.012949263	0.011441831	0.011672798
3.65	0.012315308	0.012414896	0.012553364	0.012034793	0.01258969	0.012446474	0.012546417	0.011789752	0.011985981	0.01223254	0.012414022	0.012510722	0.012533253	0.012114528	0.010918318	0.011189727
3.7	0.0119857	0.011624909	0.012150702	0.011330933	0.01206659	0.011849025	0.01201221	0.011492963	0.011605264	0.011741738	0.011839342	0.011772887	0.011871752	0.011717914	0.010631415	0.010812875
3.75	0.011535024	0.011261787	0.011629985	0.010957948	0.011602309	0.011121278	0.011669551	0.011267288	0.011449929	0.011189455	0.011504681	0.011519724	0.011585864	0.011099274	0.010162197	0.010637162
3.8	0.011100828	0.010925882	0.011247743	0.010481941	0.01130586	0.010964328	0.011481728	0.010749758	0.010962908	0.011007619	0.011180251	0.011110834	0.01122572	0.010654565	0.0099301603	0.01027613
3.85	0.010820028	0.010635098	0.010875711	0.010285672	0.010877655	0.010493476	0.011316251	0.010680288	0.010710745	0.010592365	0.010672077	0.010767732	0.010712113	0.010465482	0.0096072514	0.010067647
3.9	0.010425765	0.010241895	0.010742341	0.0099450223	0.010556894	0.010400194	0.010926237	0.010481332	0.010500197	0.010365721	0.010582976	0.010621997	0.010598872	0.010297481	0.0095198089	0.0099591678
3.95	0.010278075	0.010113692	0.010371585	0.0096404677	0.010392984	0.010052978	0.01077087	0.010450502	0.010295006	0.010104168	0.010287962	0.010166471	0.010129819	0.0099226075	0.0093917884	0.0097676345
4.0	0.010073338	0.0099604219	0.010093359	0.009511878	0.0099765429	0.0098508674	0.010561763	0.010243326	0.010130606	0.0099817278	0.010075655	0.010108177	0.010001726	0.0096867471	0.0091974716	0.0096376856
4.05	0.0099757231	0.0096825299	0.010087616	0.009290042	0.0098440033	0.0096709665	0.010398947	0.010091643	0.010051496	0.0098275054	0.0098914844	0.010096518	0.0098402187	0.0093487684	0.009164895	0.0094354174
4.1	0.0097494343	0.0096624758	0.0099095765	0.0090486543	0.0098832162	0.0096072979	0.010332437	0.01000573	0.0098879193	0.0096383747	0.0098838107	0.0098583456	0.0096143553	0.0092367676	0.0090511625	0.0094184675
4.15	0.0096397761	0.0094254082	0.0098272572	0.0090817417	0.0097702831	0.0095976736	0.010203674	0.0098922763	0.0096456451	0.0095565743	0.0096369712	0.0096609788	0.0095438116	0.0090549311	0.008795693	0.0092026394
4.2	0.0094901846	0.0091468	0.0096741052	0.0089666877	0.009532653	0.0094162921	0.010129715	0.0097841663	0.0096955009	0.0093877634	0.0096003076	0.0096401596	0.0094949261	0.0089916836	0.0087476853	0.0091212801
4.25	0.0093025614	0.0092578136	0.0097168601	0.0088140345	0.0094346207	0.0093333748	0.0099817976	0.0098260949	0.0097128062	0.0093512919	0.0095014013	0.0095285682	0.0095642321	0.0088777064	0.0088014082	0.0090365309
4.3	0.0093621445	0.0092434892	0.0094060891	0.0087456037	0.0094448161	0.0092089989	0.009930718	0.0097866327	0.0094482823	0.0093596282	0.0094178425	0.0094244718	0.0093544576	0.0088750711	0.0087208239	0.0091726947
4.35	0.0093532704	0.0092055298	0.0095579649	0.0086831888	0.0093005127	0.0091016506	0.0098466496	0.0097833441	0.0095343968	0.0094388235	0.0094140056	0.009481933	0.0093445568	0.0088151177	0.008737398	0.0090822955
4.4	0.0090819774	0.0091690027	0.0094750075	0.0086328057	0.0093852125	0.0092201039	0.0099259293	0.0097726565	0.0094552868	0.0091762287	0.0093973792	0.0093961576	0.0092300781	0.0087867881	0.0087053929	0.0089613865
4.45	0.0090483827	0.0091790298	0.00947756	0.0086320537	0.0092448304	0.0092689658	0.0098243023	0.0096982537	0.0094247965	0.0091501776	0.0093688157	0.009332867	0.0089813189	0.008676105	0.0088122671	0.0090845555
4.5	0.0091155721	0.0091861919	0.0094590542	0.0086237819	0.0091318973	0.0093163471	0.0098892159	0.0097175738	0.009497726	0.009256987	0.0093990844	0.0092545865	0.0093074286	0.0087861293	0.0088094095	0.0091574398
4.55	0.0090857806	0.0091396379	0.0092542133	0.008783203	0.0091922851	0.0091564353	0.0097466188	0.0098228064	0.0095224479	0.0093799481	0.0092873885	0.0093936593	0.0092375037	0.0086655638	0.0088494159	0.009141055
4.6	0.0091079657	0.0091876244	0.0092484701	0.0086779249	0.0091397398	0.0090964683	0.0099727522	0.0098285613	0.0095966134	0.0093163835	0.0095299648	0.0092687436	0.0094355209	0.0087676821	0.0089059964	0.0090331409
4.65	0.009161844	0.0092255838	0.0093792875	0.0088471219	0.0093891338	0.0093474411	0.0098838951	0.009851992	0.009657182	0.0094164196	0.0095713178	0.0093478569	0.0093513636	0.0088586004	0.0090203004	0.0091681747
4.7	0.0092467816	0.0091539622	0.0096307121	0.0087756832	0.0093546265	0.0092260265	0.010104708	0.0099995643	0.0096514136	0.009621702	0.0096216236	0.0094244718	0.0095122526	0.0090714018	0.0091357474	0.0094258125
4.75	0.0092296673	0.0093695433	0.0096670857	0.009011055	0.0093899181	0.0094000047	0.010132376	0.010140148	0.0099076968	0.0096524423	0.0097273511	0.0098466868	0.0094553227	0.0090549311	0.0093334934	0.0094698821
4.8	0.0093469318	0.0093416109	0.009806837	0.0089290884	0.009459717	0.0095576956	0.01023826	0.010307452	0.0099163495	0.009816043	0.0099183426	0.0097567475	0.009640345	0.0092130498	0.0094586562	0.009599266
4.85	0.009727883	0.009590138	0.0098093895	0.0093178655	0.0098769421	0.0096650439	0.010514941	0.010413918	0.010219604	0.010082806	0.01015964	0.0096376612	0.0097832887	0.0093131916	0.0095712457	0.0098614237
4.9	0.0096454809	0.0097269353	0.010006573	0.0094968383	0.0098196913	0.0099604366	0.010698508	0.010635482	0.010358871	0.010337585	0.010383884	0.010090689	0.010122393	0.0095035929	0.0098552911	0.010206636
4.95	0.0099421284	0.00992103	0.010224176	0.0094900704	0.010114572	0.010224735	0.010869837	0.010845125	0.010545521	0.010318308	0.010496007	0.010143153	0.010106304	0.0098613365	0.010156482	0.010344494
5.0	0.009999176	0.010340017	0.010712987	0.0098021448	0.010244759	0.010432769	0.011062982	0.011049835	0.010912228	0.010631962	0.010754783	0.010633656	0.010528329	0.010107738	0.010553117	0.010524728
5.05	0.010484714	0.010372246	0.010694481	0.010087148	0.010503564	0.010798493	0.011347112	0.011326071	0.011151206	0.010974274	0.010973059	0.01076107	0.010764093	0.010365999	0.010793727	0.010836605
5.1	0.010555073	0.010907976	0.010983555	0.010344327	0.01072943	0.010915466	0.011614215	0.011588741	0.011514206	0.011368166	0.011341826	0.011259067	0.011109385	0.010541247	0.011130352	0.011262046
5.15	0.011106533	0.011253193	0.011432801	0.010821087	0.011200769	0.011082781	0.011986138	0.012054067	0.011768017	0.011591163	0.011742567	0.011448106	0.011318541	0.010953673	0.01161443	0.011656413
5.2	0.011412689	0.011409328	0.011963728	0.011077514	0.011520746	0.011345599	0.012357529	0.012439645	0.012117419	0.012209615	0.011990686	0.011736245	0.011778312	0.0113773	0.011752166	0.012053039
5.25	0.011630737	0.011758125	0.012188352	0.011425684	0.01165956	0.011822373	0.012722535	0.012829746	0.012357633	0.012258591	0.012333447	0.012295034	0.012144025	0.011724502	0.012312827	0.012346272
5.3	0.01185766	0.012202896	0.012419356	0.011755054	0.012254027	0.012159225	0.013165757	0.013119136	0.01272022	0.012797848	0.01265404	0.012621481	0.012530159	0.011939939	0.012599159	0.012693744
5.35	0.012187268	0.012470044	0.012756929	0.012127287	0.012590474	0.012477568	0.013442438	0.013588983	0.013274402	0.013030745	0.012939675	0.012841332	0.012868026	0.012310859	0.013172965	0.013238964
5.4	0.012599279	0.012902639	0.01327956	0.012451393	0.01294339	0.012991359	0.01370156	0.013872207	0.013467232	0.013418385	0.013305458	0.013128638	0.013092033	0.012777309	0.013380427	0.013658755
5.45	0.012883249	0.013151882	0.013558424	0.012846938	0.013024953	0.013320067	0.014179899	0.014384804	0.013805922	0.013889909	0.013591945	0.013572505	0.013567893	0.013170629	0.013948517	0.014002272
5.5	0.01284078	0.013420463	0.013673288	0.013172549	0.013484528	0.013525879	0.014329413	0.014432488	0.014184166	0.014163445	0.013912112	0.013752384	0.013668139	0.013306348	0.014277713	0.01422262
5.55	0.013293992	0.013520734	0.013960448	0.013371825	0.013482175	0.013670244	0.014514044	0.014656518	0.014421496	0.014386964	0.014178988	0.013902283	0.014083975	0.013641032	0.014424022	0.014636762
5.6	0.013534859	0.013928261	0.014158908	0.013346257	0.013744901	0.013992289	0.014939175	0.01493522	0.014633692	0.014474495	0.014313279	0.014106312	0.014121104	0.013824186	0.014792653	0.014636762
5.65	0.013378295	0.013974099	0.014270581	0.013638028	0.013768429	0.013966377	0.014847126	0.015051552	0.014770486	0.014466159	0.014380211	0.01413296	0.014227538	0.014091671	0.014784651	0.01481643
5.7	0.013446119	0.014081531	0.014393741	0.013786922	0.013703336	0.014066322	0.014803495	0.015166239	0.01487473	0.014741258	0.014520044	0.014629292	0.01445402	0.013871622	0.014952107	0.015055988
5.75	0.013482883	0.014279207	0.014208682	0.013784666	0.013966846	0.014278057	0.014866281	0.015218855	0.014887503	0.014805344	0.014517913	0.014295351	0.014221969	0.013855151	0.015079556	0.015065593
5.8	0.013257228	0.014055031	0.014155079	0.013691419	0.013767645	0.014010057	0.015008878	0.015141986	0.014832703	0.014582868	0.014478265	0.014191254	0.014114916	0.013983623	0.015068125	0.015016439
5.85	0.013206519	0.013694774	0.013982145	0.013452288	0.013482175	0.013609537	0.014669944	0.014801213	0.014659238	0.014286928	0.014068997	0.013888126	0.013766529	0.01368188	0.014958393	0.014931689
5.9	0.013005584	0.013499247	0.01356672	0.013204884	0.013325323	0.013619161	0.014324092	0.014342876	0.014450338	0.014271297	0.013876301	0.01368826	0.013697223	0.013527055	0.014734357	0.014511333
5.95	0.012590405	0.013075247	0.013227233	0.012916873	0.013058676	0.013112773	0.01397026	0.014338354	0.013960433	0.013756528	0.013547181	0.013315179	0.01337792	0.013027664	0.014372014	0.014219231
6.0	0.012006618	0.012809531	0.012711621	0.012569455	0.012502637	0.012849215	0.013539808	0.013646121	0.013620508	0.013367846	0.013036876	0.012683938	0.012808621	0.01278785	0.014098256	0.013920913
6.05	0.011476709	0.012351869	0.012446796	0.012220534	0.011991301	0.01221623	0.012793834	0.013385506	0.013019355	0.012931751	0.012515912	0.012479077	0.012249841	0.012356318	0.013677045	0.013388123
6.1	0.01111097	0.011778179	0.011779308	0.011630976	0.011486239	0.011812009	0.012348484	0.01267683	0.012549227	0.012408645	0.011984717	0.011737077	0.011723858	0.01173702	0.013022084	0.012750808
6.15	0.010400411	0.010986044	0.011053112	0.010865454	0.010955297	0.011067234	0.011518441	0.011902384	0.011889566	0.011625029	0.011360584	0.01116996	0.011178073	0.01108478	0.012511145	0.012327627
6.2	0.0095332873	0.010344314	0.010360099	0.010346583	0.010179666	0.010395752	0.011025736	0.011333881	0.011009056	0.011050864	0.010501123	0.010507074	0.010301846	0.010530706	0.011811033	0.011583529
6.25	0.0091155721	0.0096445704	0.0096441129	0.0096682912	0.0094957928	0.0098020054	0.010214316	0.010510929	0.010479184	0.010280794	0.0099119478	0.0096759687	0.0098476443	0.0098771484	0.011134353	0.010820785
6.3	0.008274437	0.0091281784	0.0090078937	0.0090170708	0.0087154564	0.0090350207	0.0092666837	0.0096357719	0.0095747758	0.0093731748	0.0091675925	0.0089822703	0.0089819377	0.0090503193	0.010260499	0.010137141
6.35	0.0076957208	0.0081985295	0.0081802345	0.0083410349	0.0081766713	0.0081688314	0.0085850908	0.0088917444	0.0087770838	0.008696368	0.0083264625	0.0082993979	0.008321674	0.0083723854	0.009507807	0.009251794
6.4	0.0071138353	0.0076656644	0.0076078286	0.0077499735	0.007384571	0.0076528195	0.0078678487	0.008154294	0.0081108297	0.008086252	0.0076110969	0.0075182585	0.0076453214	0.0077899815	0.0089940105	0.0087122237
6.45	0.006609281	0.0070490021	0.0069020529	0.0070716816	0.0066952084	0.0069783764	0.0071245346	0.0074608276	0.0075599443	0.0074156974	0.0069733217	0.0070452445	0.0069695876	0.0071739774	0.0083179023	0.0079364855
6.5	0.0059589384	0.0062475559	0.0063781452	0.0065392751	0.006173677	0.0062957896	0.0065376518	0.0067155669	0.0067820298	0.0067800513	0.0063594204	0.0062524463	0.0064343223	0.0065810322	0.0075766408	0.0073409807
6.55	0.0054505809	0.005840745	0.0056934279	0.0058918147	0.0055501921	0.0056879764	0.0060039768	0.0063439643	0.0061697518	0.0062006756	0.0058550835	0.005791091	0.0058557407	0.0060249814	0.0068593832	0.0066482968
6.6	0.0050430075	0.0052720691	0.0052192946	0.0053751999	0.0051698271	0.0052948597	0.0054442299	0.0055267673	0.0057626652	0.0056812172	0.0053592729	0.0051898302	0.0052765403	0.0056138728	0.0064410306	0.0061121165
6.65	0.0046766352	0.0049383123	0.0048587491	0.0051413321	0.004655354	0.0049010027	0.0049334343	0.0051526983	0.005347338	0.0053034767	0.0048421464	0.0049241762	0.0048452341	0.0052838	0.0061444117	0.0056815903
6.7	0.004360338	0.0046554068	0.0045256434	0.0046811163	0.0044075286	0.0046248586	0.0046397268	0.0047005269	0.0049266544	0.0048918698	0.004568875	0.0045294426	0.0046837263	0.0048931151	0.0056774798	0.005255584
6.75	0.004097919	0.0042643526	0.0041440395	0.0043938575	0.0041377439	0.0042591342	0.0042944077	0.0044205917	0.0045982657	0.0047178487	0.0042265398	0.0041646888	0.0043798936	0.0045136302	0.0054185813	0.0049668715
6.8	0.0037981022	0.0040065147	0.0039608952	0.004194581	0.0039142304	0.0040821947	0.0039714359	0.0043071378	0.0044524067	0.0044516068	0.0040572906	0.0040347765	0.0040878182	0.0043508997	0.0050585236	0.0047668633
6.85	0.0038050747	0.0038496633	0.003649486	0.0040802791	0.0036742476	0.0039518961	0.0039373828	0.0040111711	0.0042101325	0.0041640029	0.0038398673	0.0038690551	0.0039980916	0.004203981	0.0049230734	0.0045397353
6.9	0.0036440737	0.0037214606	0.0037196807	0.0039471775	0.0036820901	0.0037964263	0.0037772271	0.0039680093	0.0040803427	0.0041442041	0.0038471147	0.0038024334	0.0039188847	0.0040801214	0.0047093249	0.0045007506
6.95	0.0036142822	0.0037185957	0.0036150268	0.00391409	0.0035801366	0.0036787134	0.0037006078	0.0037526113	0.0040280148	0.004020201	0.0037149554	0.0036342136	0.0037511889	0.0040590389	0.0046235969	0.0043216472
7.0	0.0035242738	0.0036663119	0.0033948707	0.0038110679	0.0034742618	0.0035891331	0.003600577	0.0037904293	0.0039802192	0.0039670569	0.0037588664	0.0035301172	0.0037307684	0.003943744	0.0044967195	0.004342552
7.05	0.0034938484	0.0035567308	0.0035371745	0.003747149	0.0034985738	0.0035684038	0.0035973845	0.0037139712	0.0039406642	0.0039602836	0.0036275597	0.0036183909	0.0037202487	0.0039569206	0.0045630158	0.0041284189
7.1	0.0035084272	0.0035538659	0.0034676179	0.0037208295	0.0033479963	0.0035965364	0.0036580415	0.0037016392	0.0039394282	0.0039561154	0.0036552706	0.0036225548	0.0036886897	0.0039167321	0.0045573006	0.0042481978
7.15	0.0035274431	0.00362692	0.0036048166	0.0037185735	0.003562883	0.0036291111	0.0036335659	0.0037480896	0.0039662102	0.0039331905	0.0036974763	0.0036092304	0.0036503239	0.0039753677	0.0045470132	0.0042013032
7.2	0.0036054081	0.0036484065	0.0035090966	0.003914842	0.0034256379	0.003662426	0.0037405137	0.0038405792	0.0039550853	0.0038769202	0.003772935	0.0036683572	0.0037326248	0.004070239	0.0044589992	0.0042080832
7.25	0.0036985859	0.0036813524	0.0035812057	0.0039103301	0.003520533	0.0036379951	0.0036782605	0.003858255	0.0040597412	0.0039821665	0.0038002195	0.0036075649	0.0037796539	0.0039674618	0.0046030222	0.0043532869
7.3	0.003748661	0.0037751768	0.0036979841	0.0039825208	0.003721303	0.0037564483	0.0038075556	0.0039322466	0.0040815788	0.0041322206	0.0038518042	0.0036641933	0.0038755684	0.0041170157	0.0046213108	0.0045024456
7.35	0.0040636905	0.0039542309	0.0037943423	0.0041494618	0.0038522741	0.0038830452	0.0039331262	0.0041579213	0.0042233175	0.0042489294	0.0038999784	0.00394567	0.0039659138	0.0042751345	0.0047847656	0.0045470802
7.4	0.0041023561	0.0040265688	0.003874109	0.0044036333	0.0039024666	0.0039570785	0.0040975386	0.0043141259	0.0044074953	0.0044516068	0.0041515074	0.0040980671	0.0042171482	0.0044095353	0.0051002446	0.0047352235
7.45	0.0041910968	0.0041805553	0.0040310899	0.0044637922	0.0040585339	0.0041199517	0.0042140638	0.0043420783	0.0045422295	0.0045042299	0.0041966974	0.0040880739	0.004287073	0.0045999366	0.0051053883	0.0049188469
7.5	0.0042044079	0.0043237986	0.0041663742	0.0044043853	0.004019321	0.0043242835	0.0042646113	0.0044653978	0.0045690115	0.0044604641	0.004273435	0.0041846753	0.0042821226	0.0045557951	0.0052442677	0.0048968121
7.55	0.0043178692	0.0042349877	0.0042040241	0.0046164455	0.0040718662	0.0042657972	0.0044098688	0.004397161	0.0045731318	0.004554248	0.0043898205	0.004251297	0.0043625671	0.0045281244	0.0052705576	0.0049024621
7.6	0.0044611221	0.0042665013	0.0041925377	0.0046254693	0.0041934262	0.0042657972	0.0043321853	0.0045028047	0.0046575981	0.0046115603	0.0043655202	0.0041696855	0.0042728405	0.0046025719	0.0052088334	0.004915457
7.65	0.0043166015	0.0042485959	0.0041280862	0.0045442548	0.0041785253	0.0042095319	0.0043635779	0.0045463776	0.004589613	0.0045870723	0.0042180134	0.0043287448	0.004249326	0.0046295839	0.0052917038	0.0049487917
7.7	0.0044059761	0.004166231	0.0041536115	0.0044901118	0.0041338226	0.0041192113	0.0042310903	0.0044756744	0.0045010264	0.0044969356	0.0043075407	0.0040822445	0.0042548952	0.0045123125	0.0053128501	0.0048702574
7.75	0.0042925147	0.0042163661	0.0040610821	0.0043389625	0.0040522598	0.0042554326	0.0041688371	0.0044247024	0.0044890775	0.0044453545	0.0041664286	0.004073084	0.0042821226	0.0045096772	0.00519626	0.004800763
7.8	0.0042164513	0.004255758	0.0041408488	0.0043577621	0.0040357904	0.0041258743	0.0041645805	0.0043745525	0.0044462262	0.0043406292	0.0041877447	0.004131378	0.0042487072	0.0044787123	0.0051048168	0.0048312727
7.85	0.0039768514	0.0038346228	0.0037145756	0.0041088546	0.0037095392	0.0038016086	0.0038745975	0.0040469337	0.0040564449	0.0040665719	0.0039660581	0.0036708555	0.003892895	0.0041183334	0.0047070388	0.0043815366
7.9	0.0035591362	0.0035187713	0.003415291	0.0037260934	0.003389562	0.0035350888	0.0035122519	0.0036971175	0.0037812083	0.003751875	0.0034638527	0.0034968063	0.0034683955	0.0037322602	0.0041846695	0.0039261506
7.95	0.0037309128	0.0033576226	0.0033163803	0.0036117915	0.0033534861	0.0034425472	0.0034872442	0.0036313472	0.0036773765	0.0036382924	0.0034574579	0.0034126964	0.0034956229	0.0037118366	0.0041458062	0.0039007258
8.0	0.0032453744	0.0031184063	0.0030253913	0.0033049809	0.003088407	0.0031049555	0.0030892493	0.0032790645	0.0033877187	0.003240753	0.0031398493	0.003042946	0.0031509492	0.0034094345	0.0037931783	0.0036165333
8.05	0.002920837	0.0027323657	0.0027478032	0.0030041863	0.002704905	0.0027792091	0.0028397044	0.0029477463	0.0029357207	0.0029792003	0.0028222406	0.0026840216	0.0028137011	0.0029752669	0.0033965434	0.003198437
8.1	0.0024137472	0.0023312845	0.0021849694	0.0025093792	0.0022719947	0.0022528325	0.0022757009	0.0023841763	0.0024577648	0.0025222645	0.0023264301	0.0023084418	0.0023081383	0.0024468869	0.0027964474	0.0026419169
8.15	0.0019275749	0.0017812303	0.001786774	0.0019160618	0.001795166	0.0017864229	0.0018122603	0.0019213172	0.0019600313	0.0019871756	0.0019188678	0.0017896253	0.0018291842	0.0019778015	0.002284937	0.0021063016
8.2	0.0013621698	0.0012863247	0.0012520181	0.0014250145	0.001217168	0.001221549	0.0012759249	0.0013396604	0.0014301595	0.0014072788	0.0012972928	0.0012191771	0.0013205274	0.0014309743	0.0015819674	0.0014571222
8.25	0.00090198589	0.00082364889	0.00081553472	0.00090915175	0.00081405955	0.000825471	0.00083642781	0.00085131537	0.00088380644	0.00088104717	0.00086543028	0.00078030663	0.00086075614	0.00094607691	0.0010207347	0.00095653663
8.3	0.00057364528	0.00049848663	0.00047796206	0.00056925383	0.00045879078	0.00048121628	0.00049962196	0.00050067702	0.00050267779	0.00056843434	0.00047833142	0.00051548538	0.00051175078	0.00056066257	0.00062067074	0.00054748021
