sample	treatment_index	resolution	n_bound	log2_mean_aggr_ins_all	log2_median_aggr_ins_all
parasar_240419a_plate-c_granule_plate_02_sample_0119	DMSO	50000	3096	-0.290431248	-0.410035977
parasar_240419a_plate-c_granule_plate_02_sample_0144	DMSO	50000	3330	-0.160877622	-0.343042384
parasar_240419a_plate-c_granule_plate_01_sample_0047	DMSO	50000	3538	-0.150112876	-0.204124017
parasar_240419a_plate-c_granule_plate_02_sample_0024	DMSO	50000	3540	-0.038860382	-0.08378452
parasar_240419a_plate-c_granule_plate_01_sample_0023	DMSO	50000	3542	-0.108477391	-0.15721249
parasar_240419a_plate-c_granule_plate_02_sample_0023	DMSO	50000	3545	-0.133148293	-0.175499111
parasar_240419a_plate-c_granule_plate_02_sample_0169	DMSO	50000	3545	-0.191767496	-0.225518048
parasar_240419a_plate-c_granule_plate_01_sample_0024	DMSO	50000	3553	0.011184634	-0.062037302
parasar_240419a_plate-c_granule_plate_02_sample_0217	DMSO	50000	3553	-0.288390186	-0.355128737
parasar_240419a_plate-c_granule_plate_02_sample_0361	DMSO	50000	3553	-0.072821879	-0.105802697
parasar_240419a_plate-c_granule_plate_02_sample_0170	DMSO	50000	3554	-0.302132427	-0.358030721
parasar_240419a_plate-c_granule_plate_02_sample_0194	DMSO	50000	3555	-0.308725212	-0.366457366
parasar_240419a_plate-c_granule_plate_02_sample_0337	DMSO	50000	3555	-0.213347962	-0.2732833
parasar_240419a_plate-c_granule_plate_02_sample_0362	DMSO	50000	3556	-0.193463051	-0.263716219
parasar_240419a_plate-c_granule_plate_02_sample_0384	DMSO	50000	3556	-0.084606111	-0.130189921
parasar_240419a_plate-c_granule_plate_02_sample_0122	DMSO	50000	3557	-0.265125436	-0.335828816
parasar_240419a_plate-c_granule_plate_01_sample_0096	DMSO	50000	3558	-0.248151462	-0.316172941
parasar_240419a_plate-c_granule_plate_02_sample_0121	DMSO	50000	3558	-0.302996064	-0.351477102
parasar_240419a_plate-c_granule_plate_02_sample_0383	DMSO	50000	3559	-0.098485595	-0.133211352
parasar_240419a_plate-c_granule_plate_01_sample_0144	DMSO	50000	3560	-0.21124437	-0.278830189
parasar_240419a_plate-c_granule_plate_01_sample_0362	DMSO	50000	3560	-0.205366238	-0.271225322
parasar_240419a_plate-c_granule_plate_02_sample_0001	DMSO	50000	3561	-0.077593121	-0.160394875
parasar_240419a_plate-c_granule_plate_01_sample_0001	DMSO	50000	3562	-0.079012599	-0.128419214
parasar_240419a_plate-c_granule_plate_02_sample_0266	DMSO	50000	3562	-0.290190574	-0.360347204
parasar_240419a_plate-c_granule_plate_02_sample_0290	DMSO	50000	3562	-0.336896106	-0.410477031
parasar_240419a_plate-c_granule_plate_02_sample_0071	DMSO	50000	3564	-0.133988922	-0.184629767
parasar_240419a_plate-c_granule_plate_01_sample_0010	Sulforaphane	50000	3564	-0.174616854	-0.218258823
parasar_240419a_plate-c_granule_plate_02_sample_0072	DMSO	50000	3565	-0.102787582	-0.148701835
parasar_240419a_plate-c_granule_plate_02_sample_0097	DMSO	50000	3565	-0.252251799	-0.300856634
parasar_240419a_plate-c_granule_plate_02_sample_0241	DMSO	50000	3565	-0.30447579	-0.362671322
parasar_240419a_plate-c_granule_plate_02_sample_0268	DMSO	50000	3565	-0.295986351	-0.357387187
parasar_240419a_plate-c_granule_plate_02_sample_0098	DMSO	50000	3566	-0.315704029	-0.3789798
parasar_240419a_plate-c_granule_plate_02_sample_0267	DMSO	50000	3566	-0.32861559	-0.39711041
parasar_240419a_plate-c_granule_plate_02_sample_0025	DMSO	50000	3567	-0.171437933	-0.239581442
parasar_240419a_plate-c_granule_plate_01_sample_0161	CI-994	50000	3568	-0.345991907	-0.433854472
parasar_240419a_plate-c_granule_plate_01_sample_0218	DMSO	50000	3568	-0.329353275	-0.417486984
parasar_240419a_plate-c_granule_plate_02_sample_0026	DMSO	50000	3568	-0.328395484	-0.39344072
parasar_240419a_plate-c_granule_plate_02_sample_0073	DMSO	50000	3568	-0.303327714	-0.358492202
parasar_240419a_plate-c_granule_plate_02_sample_0193	DMSO	50000	3568	-0.265744933	-0.325654723
parasar_240419a_plate-c_granule_plate_01_sample_0186	CI-994	50000	3569	-0.350195487	-0.409159133
parasar_240419a_plate-c_granule_plate_02_sample_0074	DMSO	50000	3569	-0.309749283	-0.364189792
parasar_240419a_plate-c_granule_plate_02_sample_0146	DMSO	50000	3569	-0.313037253	-0.374979393
parasar_240419a_plate-c_granule_plate_02_sample_0313	DMSO	50000	3569	-0.309974939	-0.36115215
parasar_240419a_plate-c_granule_plate_01_sample_0050	DMSO	50000	3570	-0.310534862	-0.419294492
parasar_240419a_plate-c_granule_plate_01_sample_0072	DMSO	50000	3571	-0.22872192	-0.281434739
parasar_240419a_plate-c_granule_plate_02_sample_0218	DMSO	50000	3571	-0.312924972	-0.37535067
parasar_240419a_plate-c_granule_plate_01_sample_0318	N-Oxalylglycine	50000	3571	-0.335569542	-0.402710035
parasar_240419a_plate-c_granule_plate_01_sample_0215	DMSO	50000	3572	-0.341549647	-0.41828784
parasar_240419a_plate-c_granule_plate_02_sample_0145	DMSO	50000	3572	-0.294106857	-0.353488283
parasar_240419a_plate-c_granule_plate_01_sample_0119	DMSO	50000	3573	-0.357213048	-0.43714767
parasar_240419a_plate-c_granule_plate_02_sample_0314	DMSO	50000	3573	-0.352250416	-0.428046012
parasar_240419a_plate-c_granule_plate_01_sample_0169	DMSO	50000	3574	-0.327900101	-0.412100248
parasar_240419a_plate-c_granule_plate_02_sample_0359	DMSO	50000	3574	-0.195176348	-0.332365002
parasar_240419a_plate-c_granule_plate_02_sample_0049	DMSO	50000	3575	-0.231983716	-0.296608672
parasar_240419a_plate-c_granule_plate_01_sample_0185	CI-994	50000	3576	-0.358042937	-0.420184356
parasar_240419a_plate-c_granule_plate_01_sample_0258	Chidamide	50000	3576	-0.211014337	-0.280276787
parasar_240419a_plate-c_granule_plate_01_sample_0143	DMSO	50000	3576	-0.247058915	-0.34597651
parasar_240419a_plate-c_granule_plate_01_sample_0191	DMSO	50000	3576	-0.330053396	-0.41577911
parasar_240419a_plate-c_granule_plate_01_sample_0194	DMSO	50000	3576	-0.350844719	-0.448657233
parasar_240419a_plate-c_granule_plate_02_sample_0050	DMSO	50000	3576	-0.313756355	-0.374401967
parasar_240419a_plate-c_granule_plate_02_sample_0264	DMSO	50000	3576	-0.28695603	-0.367069155
parasar_240419a_plate-c_granule_plate_02_sample_0265	DMSO	50000	3576	-0.296736201	-0.368298881
parasar_240419a_plate-c_granule_plate_02_sample_0002	DMSO	50000	3577	-0.216249191	-0.288578202
parasar_240419a_plate-c_granule_plate_02_sample_0216	DMSO	50000	3577	-0.210300134	-0.262997267
parasar_240419a_plate-c_granule_plate_01_sample_0383	DMSO	50000	3578	-0.156173356	-0.220795301
parasar_240419a_plate-c_granule_plate_01_sample_0178	DMSO	50000	3579	-0.375523412	-0.443192009
parasar_240419a_plate-c_granule_plate_01_sample_0180	Daminozide	50000	3579	-0.358976109	-0.436724776
parasar_240419a_plate-c_granule_plate_01_sample_0282	Chidamide	50000	3580	-0.257421258	-0.334084825
parasar_240419a_plate-c_granule_plate_01_sample_0312	DMSO	50000	3580	-0.354840997	-0.426367185
parasar_240419a_plate-c_granule_plate_02_sample_0191	DMSO	50000	3580	-0.272923655	-0.340594889
parasar_240419a_plate-c_granule_plate_02_sample_0312	DMSO	50000	3580	-0.258366109	-0.338435305
parasar_240419a_plate-c_granule_plate_01_sample_0034	Sulforaphane	50000	3580	-0.337413764	-0.418499057
parasar_240419a_plate-c_granule_plate_01_sample_0281	Chidamide	50000	3581	-0.256927969	-0.331472416
parasar_240419a_plate-c_granule_plate_02_sample_0243	DMSO	50000	3581	-0.342127598	-0.394599706
parasar_240419a_plate-c_granule_plate_01_sample_0162	CI-994	50000	3582	-0.359690853	-0.440605755
parasar_240419a_plate-c_granule_plate_01_sample_0058	DMSO	50000	3582	-0.346878419	-0.447835954
parasar_240419a_plate-c_granule_plate_01_sample_0098	DMSO	50000	3582	-0.377459373	-0.449479258
parasar_240419a_plate-c_granule_plate_01_sample_0146	DMSO	50000	3582	-0.380933285	-0.483138166
parasar_240419a_plate-c_granule_plate_02_sample_0192	DMSO	50000	3582	-0.241179677	-0.298823284
parasar_240419a_plate-c_granule_plate_02_sample_0338	DMSO	50000	3582	-0.245776251	-0.313884225
parasar_240419a_plate-c_granule_plate_01_sample_0239	DMSO	50000	3583	-0.211635331	-0.292700296
parasar_240419a_plate-c_granule_plate_01_sample_0361	DMSO	50000	3583	-0.175320716	-0.237488664
parasar_240419a_plate-c_granule_plate_01_sample_0002	DMSO	50000	3584	-0.158425579	-0.244663989
parasar_240419a_plate-c_granule_plate_01_sample_0025	DMSO	50000	3584	-0.198196273	-0.264294638
parasar_240419a_plate-c_granule_plate_01_sample_0082	DMSO	50000	3584	-0.358972602	-0.425102978
parasar_240419a_plate-c_granule_plate_01_sample_0293	N-Oxalylglycine	50000	3584	-0.334406827	-0.409363983
parasar_240419a_plate-c_granule_plate_01_sample_0121	DMSO	50000	3585	-0.320947715	-0.383932702
parasar_240419a_plate-c_granule_plate_01_sample_0216	DMSO	50000	3585	-0.303018195	-0.379499437
parasar_240419a_plate-c_granule_plate_02_sample_0244	DMSO	50000	3585	-0.304881135	-0.362842421
parasar_240419a_plate-c_granule_plate_01_sample_0156	Daminozide	50000	3585	-0.348339365	-0.440429059
parasar_240419a_plate-c_granule_plate_01_sample_0241	DMSO	50000	3586	-0.365890379	-0.426231284
parasar_240419a_plate-c_granule_plate_01_sample_0179	Daminozide	50000	3586	-0.356431304	-0.427093254
parasar_240419a_plate-c_granule_plate_01_sample_0294	N-Oxalylglycine	50000	3586	-0.35893643	-0.442043551
parasar_240419a_plate-c_granule_plate_01_sample_0193	DMSO	50000	3587	-0.290983484	-0.361217493
parasar_240419a_plate-c_granule_plate_01_sample_0384	DMSO	50000	3587	-0.104952943	-0.164114344
parasar_240419a_plate-c_granule_plate_02_sample_0095	DMSO	50000	3587	-0.248644336	-0.322723441
parasar_240419a_plate-c_granule_plate_02_sample_0096	DMSO	50000	3587	-0.213880142	-0.268590209
parasar_240419a_plate-c_granule_plate_02_sample_0289	DMSO	50000	3587	-0.317617053	-0.372797772
parasar_240419a_plate-c_granule_plate_01_sample_0120	DMSO	50000	3588	-0.33653141	-0.40496119
parasar_240419a_plate-c_granule_plate_01_sample_0338	DMSO	50000	3588	-0.384044213	-0.480253185
parasar_240419a_plate-c_granule_plate_01_sample_0360	DMSO	50000	3588	-0.326202466	-0.409899429
parasar_240419a_plate-c_granule_plate_01_sample_0071	DMSO	50000	3589	-0.312643533	-0.398002726
parasar_240419a_plate-c_granule_plate_01_sample_0168	DMSO	50000	3589	-0.304536593	-0.391631822
parasar_240419a_plate-c_granule_plate_01_sample_0289	DMSO	50000	3589	-0.321742935	-0.39661102
parasar_240419a_plate-c_granule_plate_01_sample_0257	Chidamide	50000	3590	-0.209421626	-0.267523677
parasar_240419a_plate-c_granule_plate_01_sample_0145	DMSO	50000	3590	-0.334899276	-0.415321071
parasar_240419a_plate-c_granule_plate_02_sample_0335	DMSO	50000	3590	-0.288141288	-0.358992107
parasar_240419a_plate-c_granule_plate_01_sample_0009	Sulforaphane	50000	3590	-0.352687293	-0.451198758
parasar_240419a_plate-c_granule_plate_01_sample_0170	DMSO	50000	3591	-0.36869469	-0.436696728
parasar_240419a_plate-c_granule_plate_01_sample_0290	DMSO	50000	3591	-0.381708796	-0.442825415
parasar_240419a_plate-c_granule_plate_01_sample_0317	N-Oxalylglycine	50000	3591	-0.342884029	-0.402149771
parasar_240419a_plate-c_granule_plate_01_sample_0097	DMSO	50000	3592	-0.360047007	-0.441564662
parasar_240419a_plate-c_granule_plate_01_sample_0265	DMSO	50000	3592	-0.332258241	-0.416938763
parasar_240419a_plate-c_granule_plate_02_sample_0240	DMSO	50000	3592	-0.250669459	-0.325295854
parasar_240419a_plate-c_granule_plate_01_sample_0049	DMSO	50000	3593	-0.300962946	-0.393420361
parasar_240419a_plate-c_granule_plate_01_sample_0153	DMSO	50000	3593	-0.370711041	-0.463535665
parasar_240419a_plate-c_granule_plate_01_sample_0177	DMSO	50000	3593	-0.38268874	-0.454670636
parasar_240419a_plate-c_granule_plate_01_sample_0240	DMSO	50000	3593	-0.286790202	-0.376177643
parasar_240419a_plate-c_granule_plate_01_sample_0287	DMSO	50000	3593	-0.320872172	-0.400971035
parasar_240419a_plate-c_granule_plate_02_sample_0263	DMSO	50000	3593	-0.341099162	-0.420636446
parasar_240419a_plate-c_granule_plate_01_sample_0081	DMSO	50000	3594	-0.383274168	-0.456190045
parasar_240419a_plate-c_granule_plate_01_sample_0048	DMSO	50000	3595	-0.107176158	-0.190276097
parasar_240419a_plate-c_granule_plate_01_sample_0073	DMSO	50000	3595	-0.341432081	-0.420451326
parasar_240419a_plate-c_granule_plate_02_sample_0242	DMSO	50000	3595	-0.330981126	-0.391233589
parasar_240419a_plate-c_granule_plate_01_sample_0242	DMSO	50000	3596	-0.363940925	-0.440061759
parasar_240419a_plate-c_granule_plate_01_sample_0155	Daminozide	50000	3596	-0.369608326	-0.445064467
parasar_240419a_plate-c_granule_plate_01_sample_0057	DMSO	50000	3597	-0.388500204	-0.455100247
parasar_240419a_plate-c_granule_plate_01_sample_0311	DMSO	50000	3597	-0.361573736	-0.433866492
parasar_240419a_plate-c_granule_plate_01_sample_0313	DMSO	50000	3597	-0.34715986	-0.439221643
parasar_240419a_plate-c_granule_plate_01_sample_0337	DMSO	50000	3597	-0.258099396	-0.323220542
parasar_240419a_plate-c_granule_plate_02_sample_0215	DMSO	50000	3597	-0.307253401	-0.402048294
parasar_240419a_plate-c_granule_plate_02_sample_0287	DMSO	50000	3597	-0.238020767	-0.318740316
parasar_240419a_plate-c_granule_plate_01_sample_0074	DMSO	50000	3598	-0.368772402	-0.445232469
parasar_240419a_plate-c_granule_plate_02_sample_0360	DMSO	50000	3598	-0.140603308	-0.228502125
parasar_240419a_plate-c_granule_plate_01_sample_0033	Sulforaphane	50000	3598	-0.369259736	-0.462759318
parasar_240419a_plate-c_granule_plate_01_sample_0026	DMSO	50000	3599	-0.354491164	-0.421078259
parasar_240419a_plate-c_granule_plate_01_sample_0095	DMSO	50000	3599	-0.358797142	-0.445985652
parasar_240419a_plate-c_granule_plate_01_sample_0314	DMSO	50000	3599	-0.385186705	-0.450217951
parasar_240419a_plate-c_granule_plate_01_sample_0154	DMSO	50000	3600	-0.360196779	-0.446029225
parasar_240419a_plate-c_granule_plate_01_sample_0167	DMSO	50000	3601	-0.33415886	-0.445916591
parasar_240419a_plate-c_granule_plate_01_sample_0192	DMSO	50000	3601	-0.292445918	-0.370729647
parasar_240419a_plate-c_granule_plate_02_sample_0120	DMSO	50000	3601	-0.274281703	-0.346387162
parasar_240419a_plate-c_granule_plate_02_sample_0168	DMSO	50000	3601	-0.25655313	-0.334428041
parasar_240419a_plate-c_granule_plate_01_sample_0335	DMSO	50000	3602	-0.379722273	-0.452739438
parasar_240419a_plate-c_granule_plate_01_sample_0359	DMSO	50000	3602	-0.352446588	-0.426714259
parasar_240419a_plate-c_granule_plate_01_sample_0217	DMSO	50000	3603	-0.353007635	-0.431581191
parasar_240419a_plate-c_granule_plate_01_sample_0336	DMSO	50000	3603	-0.300585185	-0.387018442
parasar_240419a_plate-c_granule_plate_01_sample_0122	DMSO	50000	3604	-0.157210952	-0.232206847
parasar_240419a_plate-c_granule_plate_02_sample_0143	DMSO	50000	3604	-0.280419875	-0.380766956
parasar_240419a_plate-c_granule_plate_02_sample_0336	DMSO	50000	3604	-0.257213319	-0.323120148
parasar_240419a_plate-c_granule_plate_01_sample_0266	DMSO	50000	3607	-0.4000392	-0.469591355
