sample	treatment_index	resolution	peak	LL	P2LL
parasar_240419a_plate-c_granule_plate_01_sample_0161	CI-994	25000	1.919352472	1.000852373	0.918500099
parasar_240419a_plate-c_granule_plate_01_sample_0162	CI-994	25000	2.035505583	1.032244524	1.003261059
parasar_240419a_plate-c_granule_plate_01_sample_0185	CI-994	25000	2.037551218	0.969960184	1.067591035
parasar_240419a_plate-c_granule_plate_01_sample_0186	CI-994	25000	1.951774008	0.987896345	0.963877663
parasar_240419a_plate-c_granule_plate_01_sample_0257	Chidamide	25000	1.270008738	0.692142959	0.577865779
parasar_240419a_plate-c_granule_plate_01_sample_0258	Chidamide	25000	1.373249834	0.722480479	0.650769356
parasar_240419a_plate-c_granule_plate_01_sample_0281	Chidamide	25000	1.425023921	0.724736845	0.700287076
parasar_240419a_plate-c_granule_plate_01_sample_0282	Chidamide	25000	1.455700622	0.720578487	0.735122135
parasar_240419a_plate-c_granule_plate_01_sample_0001	DMSO	25000	0.839711245	0.510453243	0.329258002
parasar_240419a_plate-c_granule_plate_01_sample_0002	DMSO	25000	1.336399961	0.797645886	0.538754075
parasar_240419a_plate-c_granule_plate_01_sample_0023	DMSO	25000	0.821525721	0.516721137	0.304804585
parasar_240419a_plate-c_granule_plate_01_sample_0024	DMSO	25000	0.467410347	0.189119147	0.2782912
parasar_240419a_plate-c_granule_plate_01_sample_0025	DMSO	25000	1.525879252	0.769333822	0.756545431
parasar_240419a_plate-c_granule_plate_01_sample_0026	DMSO	25000	2.020489537	1.029611028	0.99087851
parasar_240419a_plate-c_granule_plate_01_sample_0047	DMSO	25000	1.013172722	0.740249397	0.272923325
parasar_240419a_plate-c_granule_plate_01_sample_0048	DMSO	25000	0.914784041	0.702675533	0.212108507
parasar_240419a_plate-c_granule_plate_01_sample_0049	DMSO	25000	1.867935992	0.912920692	0.9550153
parasar_240419a_plate-c_granule_plate_01_sample_0050	DMSO	25000	1.712721996	1.104704924	0.608017072
parasar_240419a_plate-c_granule_plate_01_sample_0057	DMSO	25000	1.999237142	1.020810345	0.978426797
parasar_240419a_plate-c_granule_plate_01_sample_0058	DMSO	25000	1.846717977	1.099563993	0.747153985
parasar_240419a_plate-c_granule_plate_01_sample_0071	DMSO	25000	1.877287395	0.969682415	0.90760498
parasar_240419a_plate-c_granule_plate_01_sample_0072	DMSO	25000	1.373128592	0.906466138	0.466662455
parasar_240419a_plate-c_granule_plate_01_sample_0073	DMSO	25000	1.992419942	0.990644675	1.001775266
parasar_240419a_plate-c_granule_plate_01_sample_0074	DMSO	25000	1.969626476	0.97440406	0.995222417
parasar_240419a_plate-c_granule_plate_01_sample_0081	DMSO	25000	2.046068651	0.976719195	1.069349456
parasar_240419a_plate-c_granule_plate_01_sample_0082	DMSO	25000	1.975686643	1.046601052	0.929085591
parasar_240419a_plate-c_granule_plate_01_sample_0095	DMSO	25000	2.022386063	1.011461305	1.010924758
parasar_240419a_plate-c_granule_plate_01_sample_0096	DMSO	25000	1.476558538	0.984364684	0.492193854
parasar_240419a_plate-c_granule_plate_01_sample_0097	DMSO	25000	2.02911157	0.907955456	1.121156114
parasar_240419a_plate-c_granule_plate_01_sample_0098	DMSO	25000	1.976369687	0.991594441	0.984775246
parasar_240419a_plate-c_granule_plate_01_sample_0119	DMSO	25000	1.925141301	1.065792319	0.859348982
parasar_240419a_plate-c_granule_plate_01_sample_0120	DMSO	25000	1.885827608	0.97504667	0.910780938
parasar_240419a_plate-c_granule_plate_01_sample_0121	DMSO	25000	1.868976222	0.862748153	1.006228069
parasar_240419a_plate-c_granule_plate_01_sample_0122	DMSO	25000	1.381394444	0.802923573	0.578470871
parasar_240419a_plate-c_granule_plate_01_sample_0143	DMSO	25000	1.433549346	1.015004264	0.418545082
parasar_240419a_plate-c_granule_plate_01_sample_0144	DMSO	25000	1.332383709	0.896148161	0.436235547
parasar_240419a_plate-c_granule_plate_01_sample_0145	DMSO	25000	1.934607146	0.885571291	1.049035854
parasar_240419a_plate-c_granule_plate_01_sample_0146	DMSO	25000	2.006534727	1.018241975	0.988292752
parasar_240419a_plate-c_granule_plate_01_sample_0153	DMSO	25000	1.95323027	1.011909699	0.941320571
parasar_240419a_plate-c_granule_plate_01_sample_0154	DMSO	25000	1.972059169	1.037996281	0.934062888
parasar_240419a_plate-c_granule_plate_01_sample_0167	DMSO	25000	1.95426157	1.036591016	0.917670554
parasar_240419a_plate-c_granule_plate_01_sample_0168	DMSO	25000	1.729926959	1.050037845	0.679889114
parasar_240419a_plate-c_granule_plate_01_sample_0169	DMSO	25000	1.831556744	0.959333465	0.872223279
parasar_240419a_plate-c_granule_plate_01_sample_0170	DMSO	25000	2.061668454	1.015721532	1.045946922
parasar_240419a_plate-c_granule_plate_01_sample_0177	DMSO	25000	1.993870248	1.000907223	0.992963025
parasar_240419a_plate-c_granule_plate_01_sample_0178	DMSO	25000	1.98417169	1.01477065	0.96940104
parasar_240419a_plate-c_granule_plate_01_sample_0191	DMSO	25000	1.882851285	1.07787084	0.804980445
parasar_240419a_plate-c_granule_plate_01_sample_0192	DMSO	25000	1.822707587	0.933803549	0.888904038
parasar_240419a_plate-c_granule_plate_01_sample_0193	DMSO	25000	1.853457749	0.894767923	0.958689826
parasar_240419a_plate-c_granule_plate_01_sample_0194	DMSO	25000	1.879519385	1.031666359	0.847853025
parasar_240419a_plate-c_granule_plate_01_sample_0215	DMSO	25000	1.906428808	1.027375246	0.879053562
parasar_240419a_plate-c_granule_plate_01_sample_0216	DMSO	25000	1.902260861	0.951987069	0.950273791
parasar_240419a_plate-c_granule_plate_01_sample_0217	DMSO	25000	1.971697315	0.934384726	1.037312589
parasar_240419a_plate-c_granule_plate_01_sample_0218	DMSO	25000	1.894448852	1.092959328	0.801489525
parasar_240419a_plate-c_granule_plate_01_sample_0239	DMSO	25000	1.342270232	0.982001219	0.360269014
parasar_240419a_plate-c_granule_plate_01_sample_0240	DMSO	25000	1.816387518	1.036678245	0.779709273
parasar_240419a_plate-c_granule_plate_01_sample_0241	DMSO	25000	2.025714887	0.990520546	1.035194341
parasar_240419a_plate-c_granule_plate_01_sample_0242	DMSO	25000	2.009028346	1.004473673	1.004554672
parasar_240419a_plate-c_granule_plate_01_sample_0265	DMSO	25000	1.964603391	0.951863778	1.012739613
parasar_240419a_plate-c_granule_plate_01_sample_0266	DMSO	25000	2.073710485	0.933143098	1.140567388
parasar_240419a_plate-c_granule_plate_01_sample_0287	DMSO	25000	1.82832141	1.002686148	0.825635263
parasar_240419a_plate-c_granule_plate_01_sample_0289	DMSO	25000	1.930801576	0.965187321	0.965614254
parasar_240419a_plate-c_granule_plate_01_sample_0290	DMSO	25000	2.057616932	0.939808544	1.117808388
parasar_240419a_plate-c_granule_plate_01_sample_0311	DMSO	25000	1.976288086	1.08414141	0.892146676
parasar_240419a_plate-c_granule_plate_01_sample_0312	DMSO	25000	1.926388825	0.943534735	0.98285409
parasar_240419a_plate-c_granule_plate_01_sample_0313	DMSO	25000	1.969852634	0.997818067	0.972034567
parasar_240419a_plate-c_granule_plate_01_sample_0314	DMSO	25000	2.107337287	0.958167835	1.149169452
parasar_240419a_plate-c_granule_plate_01_sample_0335	DMSO	25000	1.960669004	0.9600558	1.000613204
parasar_240419a_plate-c_granule_plate_01_sample_0336	DMSO	25000	1.794721053	0.891106641	0.903614412
parasar_240419a_plate-c_granule_plate_01_sample_0337	DMSO	25000	1.618083224	0.780228395	0.837854829
parasar_240419a_plate-c_granule_plate_01_sample_0338	DMSO	25000	2.023779935	0.953281652	1.070498283
parasar_240419a_plate-c_granule_plate_01_sample_0359	DMSO	25000	1.901746648	0.942487923	0.959258725
parasar_240419a_plate-c_granule_plate_01_sample_0360	DMSO	25000	1.898760822	0.963375697	0.935385125
parasar_240419a_plate-c_granule_plate_01_sample_0361	DMSO	25000	1.370495205	0.704168603	0.666326602
parasar_240419a_plate-c_granule_plate_01_sample_0362	DMSO	25000	1.418341315	0.810803213	0.607538102
parasar_240419a_plate-c_granule_plate_01_sample_0383	DMSO	25000	1.213612947	0.86190582	0.351707127
parasar_240419a_plate-c_granule_plate_01_sample_0384	DMSO	25000	1.006614375	0.612104048	0.394510327
parasar_240419a_plate-c_granule_plate_02_sample_0001	DMSO	25000	0.92438374	0.476120638	0.448263102
parasar_240419a_plate-c_granule_plate_02_sample_0002	DMSO	25000	1.491392475	0.743909565	0.747482909
parasar_240419a_plate-c_granule_plate_02_sample_0023	DMSO	25000	0.884573683	0.66295031	0.221623373
parasar_240419a_plate-c_granule_plate_02_sample_0024	DMSO	25000	0.559782405	0.322929494	0.236852911
parasar_240419a_plate-c_granule_plate_02_sample_0025	DMSO	25000	1.362873249	0.679937381	0.682935867
parasar_240419a_plate-c_granule_plate_02_sample_0026	DMSO	25000	1.619054849	0.874898239	0.74415661
parasar_240419a_plate-c_granule_plate_02_sample_0049	DMSO	25000	1.414461683	0.782951231	0.631510452
parasar_240419a_plate-c_granule_plate_02_sample_0050	DMSO	25000	1.516690554	0.906064233	0.610626321
parasar_240419a_plate-c_granule_plate_02_sample_0071	DMSO	25000	0.969023122	0.765023141	0.203999981
parasar_240419a_plate-c_granule_plate_02_sample_0072	DMSO	25000	0.722113007	0.558388985	0.163724022
parasar_240419a_plate-c_granule_plate_02_sample_0073	DMSO	25000	1.569022336	0.850030162	0.718992173
parasar_240419a_plate-c_granule_plate_02_sample_0074	DMSO	25000	1.418095265	0.961073706	0.457021559
parasar_240419a_plate-c_granule_plate_02_sample_0095	DMSO	25000	1.50962111	0.965120947	0.544500163
parasar_240419a_plate-c_granule_plate_02_sample_0096	DMSO	25000	1.28468764	0.831860483	0.452827157
parasar_240419a_plate-c_granule_plate_02_sample_0097	DMSO	25000	1.327161588	0.858698266	0.468463322
parasar_240419a_plate-c_granule_plate_02_sample_0098	DMSO	25000	1.519643786	0.906266513	0.613377274
parasar_240419a_plate-c_granule_plate_02_sample_0119	DMSO	25000	1.751404458	0.834231291	0.917173167
parasar_240419a_plate-c_granule_plate_02_sample_0120	DMSO	25000	1.658002409	0.898130949	0.75987146
parasar_240419a_plate-c_granule_plate_02_sample_0121	DMSO	25000	1.498209314	0.903914837	0.594294477
parasar_240419a_plate-c_granule_plate_02_sample_0122	DMSO	25000	1.565843398	1.040829082	0.525014316
parasar_240419a_plate-c_granule_plate_02_sample_0143	DMSO	25000	1.519506575	1.050798311	0.468708264
parasar_240419a_plate-c_granule_plate_02_sample_0144	DMSO	25000	1.735567564	0.699681768	1.035885796
parasar_240419a_plate-c_granule_plate_02_sample_0145	DMSO	25000	1.500560587	0.883114022	0.617446565
parasar_240419a_plate-c_granule_plate_02_sample_0146	DMSO	25000	1.466712269	0.881140088	0.585572181
parasar_240419a_plate-c_granule_plate_02_sample_0168	DMSO	25000	1.72984539	0.826926351	0.902919038
parasar_240419a_plate-c_granule_plate_02_sample_0169	DMSO	25000	1.083848485	0.699462948	0.384385537
parasar_240419a_plate-c_granule_plate_02_sample_0170	DMSO	25000	1.439459952	0.855718127	0.583741824
parasar_240419a_plate-c_granule_plate_02_sample_0191	DMSO	25000	1.5578484	0.845457764	0.712390636
parasar_240419a_plate-c_granule_plate_02_sample_0192	DMSO	25000	1.573961531	0.907228153	0.666733377
parasar_240419a_plate-c_granule_plate_02_sample_0193	DMSO	25000	1.392161836	0.837885791	0.554276045
parasar_240419a_plate-c_granule_plate_02_sample_0194	DMSO	25000	1.485084618	0.903070391	0.582014227
parasar_240419a_plate-c_granule_plate_02_sample_0215	DMSO	25000	1.612990344	0.92305183	0.689938514
parasar_240419a_plate-c_granule_plate_02_sample_0216	DMSO	25000	1.345960681	0.877835424	0.468125257
parasar_240419a_plate-c_granule_plate_02_sample_0217	DMSO	25000	1.395153727	0.8785279	0.516625827
parasar_240419a_plate-c_granule_plate_02_sample_0218	DMSO	25000	1.483391203	0.957326631	0.526064572
parasar_240419a_plate-c_granule_plate_02_sample_0240	DMSO	25000	1.636422627	0.913489302	0.722933325
parasar_240419a_plate-c_granule_plate_02_sample_0241	DMSO	25000	1.552421356	0.892948309	0.659473047
parasar_240419a_plate-c_granule_plate_02_sample_0242	DMSO	25000	1.569520752	0.896526411	0.672994341
parasar_240419a_plate-c_granule_plate_02_sample_0243	DMSO	25000	1.586071444	0.894911068	0.691160376
parasar_240419a_plate-c_granule_plate_02_sample_0244	DMSO	25000	1.490404337	0.968305761	0.522098575
parasar_240419a_plate-c_granule_plate_02_sample_0263	DMSO	25000	1.797868577	0.977478036	0.820390541
parasar_240419a_plate-c_granule_plate_02_sample_0264	DMSO	25000	1.633521053	0.984693199	0.648827854
parasar_240419a_plate-c_granule_plate_02_sample_0265	DMSO	25000	1.563267601	0.88442822	0.678839381
parasar_240419a_plate-c_granule_plate_02_sample_0266	DMSO	25000	1.486159263	0.873594862	0.612564401
parasar_240419a_plate-c_granule_plate_02_sample_0267	DMSO	25000	1.559884325	0.885109832	0.674774493
parasar_240419a_plate-c_granule_plate_02_sample_0268	DMSO	25000	1.367265246	0.921451808	0.445813438
parasar_240419a_plate-c_granule_plate_02_sample_0287	DMSO	25000	1.466795111	0.84056871	0.626226401
parasar_240419a_plate-c_granule_plate_02_sample_0289	DMSO	25000	1.608965645	0.886039543	0.722926102
parasar_240419a_plate-c_granule_plate_02_sample_0290	DMSO	25000	1.594631509	0.954197133	0.640434376
parasar_240419a_plate-c_granule_plate_02_sample_0312	DMSO	25000	1.509632645	0.928649179	0.580983467
parasar_240419a_plate-c_granule_plate_02_sample_0313	DMSO	25000	1.604750924	0.951111941	0.653638983
parasar_240419a_plate-c_granule_plate_02_sample_0314	DMSO	25000	1.726880872	0.932387783	0.794493089
parasar_240419a_plate-c_granule_plate_02_sample_0335	DMSO	25000	1.645827498	0.874652435	0.771175063
parasar_240419a_plate-c_granule_plate_02_sample_0336	DMSO	25000	1.472097152	0.798624239	0.673472913
parasar_240419a_plate-c_granule_plate_02_sample_0337	DMSO	25000	1.262638139	0.779818282	0.482819856
parasar_240419a_plate-c_granule_plate_02_sample_0338	DMSO	25000	1.409291468	0.910074972	0.499216496
parasar_240419a_plate-c_granule_plate_02_sample_0359	DMSO	25000	1.516526777	0.976708773	0.539818005
parasar_240419a_plate-c_granule_plate_02_sample_0360	DMSO	25000	1.206330748	0.729834872	0.476495876
parasar_240419a_plate-c_granule_plate_02_sample_0361	DMSO	25000	0.740448826	0.484147702	0.256301124
parasar_240419a_plate-c_granule_plate_02_sample_0362	DMSO	25000	1.206857654	0.776335818	0.430521837
parasar_240419a_plate-c_granule_plate_02_sample_0383	DMSO	25000	0.741640718	0.548048159	0.193592559
parasar_240419a_plate-c_granule_plate_02_sample_0384	DMSO	25000	0.776039273	0.47324097	0.302798304
parasar_240419a_plate-c_granule_plate_01_sample_0155	Daminozide	25000	2.036385918	0.981770001	1.054615917
parasar_240419a_plate-c_granule_plate_01_sample_0156	Daminozide	25000	1.963004756	1.003491097	0.959513659
parasar_240419a_plate-c_granule_plate_01_sample_0179	Daminozide	25000	1.983642944	1.007350335	0.976292609
parasar_240419a_plate-c_granule_plate_01_sample_0180	Daminozide	25000	1.955941205	0.970466779	0.985474426
parasar_240419a_plate-c_granule_plate_01_sample_0293	N-Oxalylglycine	25000	1.927460541	0.984843105	0.942617436
parasar_240419a_plate-c_granule_plate_01_sample_0294	N-Oxalylglycine	25000	1.977630093	1.066841864	0.910788229
parasar_240419a_plate-c_granule_plate_01_sample_0317	N-Oxalylglycine	25000	1.950560322	0.974161332	0.976398991
parasar_240419a_plate-c_granule_plate_01_sample_0318	N-Oxalylglycine	25000	1.862560017	0.993819943	0.868740074
parasar_240419a_plate-c_granule_plate_01_sample_0009	Sulforaphane	25000	1.958077601	1.028802051	0.929275551
parasar_240419a_plate-c_granule_plate_01_sample_0010	Sulforaphane	25000	1.135434778	0.766327117	0.369107661
parasar_240419a_plate-c_granule_plate_01_sample_0033	Sulforaphane	25000	2.029745995	0.956813989	1.072932006
parasar_240419a_plate-c_granule_plate_01_sample_0034	Sulforaphane	25000	1.995025346	1.109685615	0.885339731
