sample	treatment_index	peak	LL	P2LL	log2_mean_aggr_ins_all	log2_median_aggr_ins_all	n_bound	resolution
parasar_240419a_plate-c_granule_plate_01_sample_0161	CI-994	1.919352472	1.000852373	0.918500099	-0.148306825	-0.238285033	6002.0	25000
parasar_240419a_plate-c_granule_plate_01_sample_0162	CI-994	2.035505583	1.032244524	1.003261059	-0.153994228	-0.250631324	5999.0	25000
parasar_240419a_plate-c_granule_plate_01_sample_0185	CI-994	2.037551218	0.969960184	1.067591035	-0.158757855	-0.240168135	6001.0	25000
parasar_240419a_plate-c_granule_plate_01_sample_0186	CI-994	1.951774008	0.987896345	0.963877663	-0.152181083	-0.225970283	5988.0	25000
parasar_240419a_plate-c_granule_plate_01_sample_0257	Chidamide	1.270008738	0.692142959	0.577865779	-0.105791911	-0.16564352	6005.0	25000
parasar_240419a_plate-c_granule_plate_01_sample_0258	Chidamide	1.373249834	0.722480479	0.650769356	-0.095112871	-0.157682203	5988.0	25000
parasar_240419a_plate-c_granule_plate_01_sample_0281	Chidamide	1.425023921	0.724736845	0.700287076	-0.128267293	-0.197839512	5991.0	25000
parasar_240419a_plate-c_granule_plate_01_sample_0282	Chidamide	1.455700622	0.720578487	0.735122135	-0.106520445	-0.192168724	5998.0	25000
parasar_240419a_plate-c_granule_plate_01_sample_0001	DMSO	0.839711245	0.510453243	0.329258002	-0.009763359	-0.061343316	5982.0	25000
parasar_240419a_plate-c_granule_plate_01_sample_0002	DMSO	1.336399961	0.797645886	0.538754075	-0.026291214	-0.113103628	5998.0	25000
parasar_240419a_plate-c_granule_plate_01_sample_0023	DMSO	0.821525721	0.516721137	0.304804585	-0.029210368	-0.084900391	5970.0	25000
parasar_240419a_plate-c_granule_plate_01_sample_0024	DMSO	0.467410347	0.189119147	0.2782912	0.039297594	-0.024823832	5983.0	25000
parasar_240419a_plate-c_granule_plate_01_sample_0025	DMSO	1.525879252	0.769333822	0.756545431	-0.048975945	-0.126047513	5935.0	25000
parasar_240419a_plate-c_granule_plate_01_sample_0026	DMSO	2.020489537	1.029611028	0.99087851	-0.146038834	-0.232371714	5984.0	25000
parasar_240419a_plate-c_granule_plate_01_sample_0047	DMSO	1.013172722	0.740249397	0.272923325	-0.070693158	-0.135421551	5964.0	25000
parasar_240419a_plate-c_granule_plate_01_sample_0048	DMSO	0.914784041	0.702675533	0.212108507	0.011767906	-0.074698788	5898.0	25000
parasar_240419a_plate-c_granule_plate_01_sample_0049	DMSO	1.867935992	0.912920692	0.9550153	-0.109109082	-0.195106027	5944.0	25000
parasar_240419a_plate-c_granule_plate_01_sample_0050	DMSO	1.712721996	1.104704924	0.608017072	-0.116434084	-0.229875684	5977.0	25000
parasar_240419a_plate-c_granule_plate_01_sample_0057	DMSO	1.999237142	1.020810345	0.978426797	-0.171971603	-0.259256321	5987.0	25000
parasar_240419a_plate-c_granule_plate_01_sample_0058	DMSO	1.846717977	1.099563993	0.747153985	-0.145417866	-0.255551534	6007.0	25000
parasar_240419a_plate-c_granule_plate_01_sample_0071	DMSO	1.877287395	0.969682415	0.90760498	-0.139972993	-0.227789528	5903.0	25000
parasar_240419a_plate-c_granule_plate_01_sample_0072	DMSO	1.373128592	0.906466138	0.466662455	-0.083115127	-0.15169835	5999.0	25000
parasar_240419a_plate-c_granule_plate_01_sample_0073	DMSO	1.992419942	0.990644675	1.001775266	-0.137491129	-0.232090146	5934.0	25000
parasar_240419a_plate-c_granule_plate_01_sample_0074	DMSO	1.969626476	0.97440406	0.995222417	-0.15749346	-0.258824053	6005.0	25000
parasar_240419a_plate-c_granule_plate_01_sample_0081	DMSO	2.046068651	0.976719195	1.069349456	-0.177128311	-0.267205153	5853.0	25000
parasar_240419a_plate-c_granule_plate_01_sample_0082	DMSO	1.975686643	1.046601052	0.929085591	-0.157663678	-0.25841514	5998.0	25000
parasar_240419a_plate-c_granule_plate_01_sample_0095	DMSO	2.022386063	1.011461305	1.010924758	-0.163249393	-0.252516049	5980.0	25000
parasar_240419a_plate-c_granule_plate_01_sample_0096	DMSO	1.476558538	0.984364684	0.492193854	-0.101384513	-0.175868607	5979.0	25000
parasar_240419a_plate-c_granule_plate_01_sample_0097	DMSO	2.02911157	0.907955456	1.121156114	-0.143216124	-0.23562166	5889.0	25000
parasar_240419a_plate-c_granule_plate_01_sample_0098	DMSO	1.976369687	0.991594441	0.984775246	-0.163869368	-0.241289145	6007.0	25000
parasar_240419a_plate-c_granule_plate_01_sample_0119	DMSO	1.925141301	1.065792319	0.859348982	-0.157775592	-0.25559048	6001.0	25000
parasar_240419a_plate-c_granule_plate_01_sample_0120	DMSO	1.885827608	0.97504667	0.910780938	-0.126969128	-0.213511086	5990.0	25000
parasar_240419a_plate-c_granule_plate_01_sample_0121	DMSO	1.868976222	0.862748153	1.006228069	-0.129494458	-0.209468532	6015.0	25000
parasar_240419a_plate-c_granule_plate_01_sample_0122	DMSO	1.381394444	0.802923573	0.578470871	-0.000181946	-0.090097649	6010.0	25000
parasar_240419a_plate-c_granule_plate_01_sample_0143	DMSO	1.433549346	1.015004264	0.418545082	-0.092937195	-0.204929391	6009.0	25000
parasar_240419a_plate-c_granule_plate_01_sample_0144	DMSO	1.332383709	0.896148161	0.436235547	-0.085412271	-0.161750089	6000.0	25000
parasar_240419a_plate-c_granule_plate_01_sample_0145	DMSO	1.934607146	0.885571291	1.049035854	-0.140758138	-0.228326221	5892.0	25000
parasar_240419a_plate-c_granule_plate_01_sample_0146	DMSO	2.006534727	1.018241975	0.988292752	-0.165762109	-0.267434419	6000.0	25000
parasar_240419a_plate-c_granule_plate_01_sample_0153	DMSO	1.95323027	1.011909699	0.941320571	-0.136281316	-0.217712713	5355.0	25000
parasar_240419a_plate-c_granule_plate_01_sample_0154	DMSO	1.972059169	1.037996281	0.934062888	-0.168243143	-0.264997538	5979.0	25000
parasar_240419a_plate-c_granule_plate_01_sample_0167	DMSO	1.95426157	1.036591016	0.917670554	-0.093801731	-0.219623769	4966.0	25000
parasar_240419a_plate-c_granule_plate_01_sample_0168	DMSO	1.729926959	1.050037845	0.679889114	-0.1078207	-0.199787714	6000.0	25000
parasar_240419a_plate-c_granule_plate_01_sample_0169	DMSO	1.831556744	0.959333465	0.872223279	-0.129625526	-0.213222923	6008.0	25000
parasar_240419a_plate-c_granule_plate_01_sample_0170	DMSO	2.061668454	1.015721532	1.045946922	-0.170052077	-0.258701773	6003.0	25000
parasar_240419a_plate-c_granule_plate_01_sample_0177	DMSO	1.993870248	1.000907223	0.992963025	-0.178990544	-0.257653972	5900.0	25000
parasar_240419a_plate-c_granule_plate_01_sample_0178	DMSO	1.98417169	1.01477065	0.96940104	-0.167533806	-0.258506215	6000.0	25000
parasar_240419a_plate-c_granule_plate_01_sample_0191	DMSO	1.882851285	1.07787084	0.804980445	-0.125129377	-0.248277166	5977.0	25000
parasar_240419a_plate-c_granule_plate_01_sample_0192	DMSO	1.822707587	0.933803549	0.888904038	-0.084911747	-0.169976264	5038.0	25000
parasar_240419a_plate-c_granule_plate_01_sample_0193	DMSO	1.853457749	0.894767923	0.958689826	-0.108277842	-0.179312216	5990.0	25000
parasar_240419a_plate-c_granule_plate_01_sample_0194	DMSO	1.879519385	1.031666359	0.847853025	-0.151396147	-0.249275404	6008.0	25000
parasar_240419a_plate-c_granule_plate_01_sample_0215	DMSO	1.906428808	1.027375246	0.879053562	-0.153228117	-0.240402378	6000.0	25000
parasar_240419a_plate-c_granule_plate_01_sample_0216	DMSO	1.902260861	0.951987069	0.950273791	-0.121613652	-0.206114747	5958.0	25000
parasar_240419a_plate-c_granule_plate_01_sample_0217	DMSO	1.971697315	0.934384726	1.037312589	-0.149194044	-0.229763853	5823.0	25000
parasar_240419a_plate-c_granule_plate_01_sample_0218	DMSO	1.894448852	1.092959328	0.801489525	-0.151487355	-0.243878793	5983.0	25000
parasar_240419a_plate-c_granule_plate_01_sample_0239	DMSO	1.342270232	0.982001219	0.360269014	-0.083036316	-0.175537249	5996.0	25000
parasar_240419a_plate-c_granule_plate_01_sample_0240	DMSO	1.816387518	1.036678245	0.779709273	-0.083883538	-0.176020836	5535.0	25000
parasar_240419a_plate-c_granule_plate_01_sample_0241	DMSO	2.025714887	0.990520546	1.035194341	-0.162069559	-0.24881301	6013.0	25000
parasar_240419a_plate-c_granule_plate_01_sample_0242	DMSO	2.009028346	1.004473673	1.004554672	-0.169356956	-0.259171334	5983.0	25000
parasar_240419a_plate-c_granule_plate_01_sample_0265	DMSO	1.964603391	0.951863778	1.012739613	-0.136629482	-0.234472248	6001.0	25000
parasar_240419a_plate-c_granule_plate_01_sample_0266	DMSO	2.073710485	0.933143098	1.140567388	-0.161415254	-0.244099315	4971.0	25000
parasar_240419a_plate-c_granule_plate_01_sample_0287	DMSO	1.82832141	1.002686148	0.825635263	-0.134657283	-0.235725504	5797.0	25000
parasar_240419a_plate-c_granule_plate_01_sample_0289	DMSO	1.930801576	0.965187321	0.965614254	-0.128986692	-0.207494248	6003.0	25000
parasar_240419a_plate-c_granule_plate_01_sample_0290	DMSO	2.057616932	0.939808544	1.117808388	-0.18126374	-0.264705054	5919.0	25000
parasar_240419a_plate-c_granule_plate_01_sample_0311	DMSO	1.976288086	1.08414141	0.892146676	-0.161085043	-0.265274517	6005.0	25000
parasar_240419a_plate-c_granule_plate_01_sample_0312	DMSO	1.926388825	0.943534735	0.98285409	-0.150756758	-0.242422916	5952.0	25000
parasar_240419a_plate-c_granule_plate_01_sample_0313	DMSO	1.969852634	0.997818067	0.972034567	-0.133910291	-0.232390322	5978.0	25000
parasar_240419a_plate-c_granule_plate_01_sample_0314	DMSO	2.107337287	0.958167835	1.149169452	-0.191347911	-0.263684294	5960.0	25000
parasar_240419a_plate-c_granule_plate_01_sample_0335	DMSO	1.960669004	0.9600558	1.000613204	-0.150991179	-0.24209329	5681.0	25000
parasar_240419a_plate-c_granule_plate_01_sample_0336	DMSO	1.794721053	0.891106641	0.903614412	-0.130214016	-0.197368974	5985.0	25000
parasar_240419a_plate-c_granule_plate_01_sample_0337	DMSO	1.618083224	0.780228395	0.837854829	-0.090159207	-0.158766794	6009.0	25000
parasar_240419a_plate-c_granule_plate_01_sample_0338	DMSO	2.023779935	0.953281652	1.070498283	-0.172501159	-0.271650912	5917.0	25000
parasar_240419a_plate-c_granule_plate_01_sample_0359	DMSO	1.901746648	0.942487923	0.959258725	-0.155708506	-0.234843978	5870.0	25000
parasar_240419a_plate-c_granule_plate_01_sample_0360	DMSO	1.898760822	0.963375697	0.935385125	-0.146872496	-0.230858307	5944.0	25000
parasar_240419a_plate-c_granule_plate_01_sample_0361	DMSO	1.370495205	0.704168603	0.666326602	-0.041058999	-0.112833064	5990.0	25000
parasar_240419a_plate-c_granule_plate_01_sample_0362	DMSO	1.418341315	0.810803213	0.607538102	-0.069424141	-0.14272963	5997.0	25000
parasar_240419a_plate-c_granule_plate_01_sample_0383	DMSO	1.213612947	0.86190582	0.351707127	-0.044172357	-0.11766566	5999.0	25000
parasar_240419a_plate-c_granule_plate_01_sample_0384	DMSO	1.006614375	0.612104048	0.394510327	-0.014953439	-0.075997044	5998.0	25000
parasar_240419a_plate-c_granule_plate_02_sample_0001	DMSO	0.92438374	0.476120638	0.448263102	0.003988668	-0.046293616	5983.0	25000
parasar_240419a_plate-c_granule_plate_02_sample_0002	DMSO	1.491392475	0.743909565	0.747482909	-0.055972039	-0.143843857	5990.0	25000
parasar_240419a_plate-c_granule_plate_02_sample_0023	DMSO	0.884573683	0.66295031	0.221623373	-0.042575602	-0.085744262	5979.0	25000
parasar_240419a_plate-c_granule_plate_02_sample_0024	DMSO	0.559782405	0.322929494	0.236852911	0.004288523	-0.033919059	5977.0	25000
parasar_240419a_plate-c_granule_plate_02_sample_0025	DMSO	1.362873249	0.679937381	0.682935867	-0.031765885	-0.106644913	5975.0	25000
parasar_240419a_plate-c_granule_plate_02_sample_0026	DMSO	1.619054849	0.874898239	0.74415661	-0.13260791	-0.201165695	5992.0	25000
parasar_240419a_plate-c_granule_plate_02_sample_0049	DMSO	1.414461683	0.782951231	0.631510452	-0.071704548	-0.139466214	6002.0	25000
parasar_240419a_plate-c_granule_plate_02_sample_0050	DMSO	1.516690554	0.906064233	0.610626321	-0.14139043	-0.209868583	5999.0	25000
parasar_240419a_plate-c_granule_plate_02_sample_0071	DMSO	0.969023122	0.765023141	0.203999981	-0.055559466	-0.110797404	5996.0	25000
parasar_240419a_plate-c_granule_plate_02_sample_0072	DMSO	0.722113007	0.558388985	0.163724022	-0.040321828	-0.086063566	6011.0	25000
parasar_240419a_plate-c_granule_plate_02_sample_0073	DMSO	1.569022336	0.850030162	0.718992173	-0.11517967	-0.19550657	6007.0	25000
parasar_240419a_plate-c_granule_plate_02_sample_0074	DMSO	1.418095265	0.961073706	0.457021559	-0.12986274	-0.195210711	5994.0	25000
parasar_240419a_plate-c_granule_plate_02_sample_0095	DMSO	1.50962111	0.965120947	0.544500163	-0.086830304	-0.150256809	5607.0	25000
parasar_240419a_plate-c_granule_plate_02_sample_0096	DMSO	1.28468764	0.831860483	0.452827157	-0.09568707	-0.157759149	5995.0	25000
parasar_240419a_plate-c_granule_plate_02_sample_0097	DMSO	1.327161588	0.858698266	0.468463322	-0.096869505	-0.151612571	5991.0	25000
parasar_240419a_plate-c_granule_plate_02_sample_0098	DMSO	1.519643786	0.906266513	0.613377274	-0.137244799	-0.207046758	5992.0	25000
parasar_240419a_plate-c_granule_plate_02_sample_0119	DMSO	1.751404458	0.834231291	0.917173167	1.121516761	1.106448527	3.0	25000
parasar_240419a_plate-c_granule_plate_02_sample_0120	DMSO	1.658002409	0.898130949	0.75987146	-0.10027277	-0.180191313	5722.0	25000
parasar_240419a_plate-c_granule_plate_02_sample_0121	DMSO	1.498209314	0.903914837	0.594294477	-0.12628687	-0.194360443	5968.0	25000
parasar_240419a_plate-c_granule_plate_02_sample_0122	DMSO	1.565843398	1.040829082	0.525014316	-0.109675569	-0.193602395	5988.0	25000
parasar_240419a_plate-c_granule_plate_02_sample_0143	DMSO	1.519506575	1.050798311	0.468708264	-0.092160946	-0.194732003	5235.0	25000
parasar_240419a_plate-c_granule_plate_02_sample_0144	DMSO	1.735567564	0.699681768	1.035885796	1.653488051	1.65225335	4.0	25000
parasar_240419a_plate-c_granule_plate_02_sample_0145	DMSO	1.500560587	0.883114022	0.617446565	-0.122657943	-0.189280713	5990.0	25000
parasar_240419a_plate-c_granule_plate_02_sample_0146	DMSO	1.466712269	0.881140088	0.585572181	-0.149068568	-0.212498105	5977.0	25000
parasar_240419a_plate-c_granule_plate_02_sample_0168	DMSO	1.72984539	0.826926351	0.902919038	-0.075989265	-0.158093646	5739.0	25000
parasar_240419a_plate-c_granule_plate_02_sample_0169	DMSO	1.083848485	0.699462948	0.384385537	-0.089907896	-0.131194687	5964.0	25000
parasar_240419a_plate-c_granule_plate_02_sample_0170	DMSO	1.439459952	0.855718127	0.583741824	-0.130078609	-0.190551361	5973.0	25000
parasar_240419a_plate-c_granule_plate_02_sample_0191	DMSO	1.5578484	0.845457764	0.712390636	-0.119913799	-0.216243765	5908.0	25000
parasar_240419a_plate-c_granule_plate_02_sample_0192	DMSO	1.573961531	0.907228153	0.666733377	-0.093981598	-0.145223131	6011.0	25000
parasar_240419a_plate-c_granule_plate_02_sample_0193	DMSO	1.392161836	0.837885791	0.554276045	-0.105237552	-0.170934773	5989.0	25000
parasar_240419a_plate-c_granule_plate_02_sample_0194	DMSO	1.485084618	0.903070391	0.582014227	-0.13333289	-0.204102185	5996.0	25000
parasar_240419a_plate-c_granule_plate_02_sample_0215	DMSO	1.612990344	0.92305183	0.689938514	-0.111942579	-0.22317772	5624.0	25000
parasar_240419a_plate-c_granule_plate_02_sample_0216	DMSO	1.345960681	0.877835424	0.468125257	-0.091518439	-0.155436862	6008.0	25000
parasar_240419a_plate-c_granule_plate_02_sample_0217	DMSO	1.395153727	0.8785279	0.516625827	-0.116039497	-0.19021632	6000.0	25000
parasar_240419a_plate-c_granule_plate_02_sample_0218	DMSO	1.483391203	0.957326631	0.526064572	-0.13198705	-0.206974812	6003.0	25000
parasar_240419a_plate-c_granule_plate_02_sample_0240	DMSO	1.636422627	0.913489302	0.722933325	-0.088316066	-0.168246805	5822.0	25000
parasar_240419a_plate-c_granule_plate_02_sample_0241	DMSO	1.552421356	0.892948309	0.659473047	-0.120757454	-0.185924458	5986.0	25000
parasar_240419a_plate-c_granule_plate_02_sample_0242	DMSO	1.569520752	0.896526411	0.672994341	-0.146849774	-0.214872697	6003.0	25000
parasar_240419a_plate-c_granule_plate_02_sample_0243	DMSO	1.586071444	0.894911068	0.691160376	-0.150937279	-0.225389984	5996.0	25000
parasar_240419a_plate-c_granule_plate_02_sample_0244	DMSO	1.490404337	0.968305761	0.522098575	-0.135405857	-0.216303062	6001.0	25000
parasar_240419a_plate-c_granule_plate_02_sample_0263	DMSO	1.797868577	0.977478036	0.820390541	-0.157369723	-0.240008999	6004.0	25000
parasar_240419a_plate-c_granule_plate_02_sample_0264	DMSO	1.633521053	0.984693199	0.648827854	-0.105523323	-0.185029269	5986.0	25000
parasar_240419a_plate-c_granule_plate_02_sample_0265	DMSO	1.563267601	0.88442822	0.678839381	-0.116333728	-0.193307004	6001.0	25000
parasar_240419a_plate-c_granule_plate_02_sample_0266	DMSO	1.486159263	0.873594862	0.612564401	-0.130782753	-0.211156254	5990.0	25000
parasar_240419a_plate-c_granule_plate_02_sample_0267	DMSO	1.559884325	0.885109832	0.674774493	-0.145872495	-0.224403872	5978.0	25000
parasar_240419a_plate-c_granule_plate_02_sample_0268	DMSO	1.367265246	0.921451808	0.445813438	-0.123090397	-0.191115873	5985.0	25000
parasar_240419a_plate-c_granule_plate_02_sample_0287	DMSO	1.466795111	0.84056871	0.626226401	-0.098681517	-0.20126183	5844.0	25000
parasar_240419a_plate-c_granule_plate_02_sample_0289	DMSO	1.608965645	0.886039543	0.722926102	-0.137491967	-0.20253797	5990.0	25000
parasar_240419a_plate-c_granule_plate_02_sample_0290	DMSO	1.594631509	0.954197133	0.640434376	-0.159055949	-0.237857252	5985.0	25000
parasar_240419a_plate-c_granule_plate_02_sample_0312	DMSO	1.509632645	0.928649179	0.580983467	-0.094929669	-0.172397559	5909.0	25000
parasar_240419a_plate-c_granule_plate_02_sample_0313	DMSO	1.604750924	0.951111941	0.653638983	-0.142250845	-0.208776018	5978.0	25000
parasar_240419a_plate-c_granule_plate_02_sample_0314	DMSO	1.726880872	0.932387783	0.794493089	-0.16480075	-0.246206081	6006.0	25000
parasar_240419a_plate-c_granule_plate_02_sample_0335	DMSO	1.645827498	0.874652435	0.771175063	-0.136124293	-0.230816957	5997.0	25000
parasar_240419a_plate-c_granule_plate_02_sample_0336	DMSO	1.472097152	0.798624239	0.673472913	-0.101455506	-0.18045211	5889.0	25000
parasar_240419a_plate-c_granule_plate_02_sample_0337	DMSO	1.262638139	0.779818282	0.482819856	-0.06166058	-0.139064638	5986.0	25000
parasar_240419a_plate-c_granule_plate_02_sample_0338	DMSO	1.409291468	0.910074972	0.499216496	-0.113804678	-0.192134955	6004.0	25000
parasar_240419a_plate-c_granule_plate_02_sample_0359	DMSO	1.516526777	0.976708773	0.539818005	0.038707006	-0.073832117	1162.0	25000
parasar_240419a_plate-c_granule_plate_02_sample_0360	DMSO	1.206330748	0.729834872	0.476495876	-0.018200981	-0.100933249	5462.0	25000
parasar_240419a_plate-c_granule_plate_02_sample_0361	DMSO	0.740448826	0.484147702	0.256301124	-0.00713294	-0.04461638	5982.0	25000
parasar_240419a_plate-c_granule_plate_02_sample_0362	DMSO	1.206857654	0.776335818	0.430521837	-0.052171161	-0.124988352	5971.0	25000
parasar_240419a_plate-c_granule_plate_02_sample_0383	DMSO	0.741640718	0.548048159	0.193592559	-0.050449438	-0.090414647	5987.0	25000
parasar_240419a_plate-c_granule_plate_02_sample_0384	DMSO	0.776039273	0.47324097	0.302798304	-0.02242709	-0.064799217	5977.0	25000
parasar_240419a_plate-c_granule_plate_01_sample_0155	Daminozide	2.036385918	0.981770001	1.054615917	-0.165055312	-0.250522194	6016.0	25000
parasar_240419a_plate-c_granule_plate_01_sample_0156	Daminozide	1.963004756	1.003491097	0.959513659	-0.157232647	-0.268981155	6006.0	25000
parasar_240419a_plate-c_granule_plate_01_sample_0179	Daminozide	1.983642944	1.007350335	0.976292609	-0.162026662	-0.239677535	5998.0	25000
parasar_240419a_plate-c_granule_plate_01_sample_0180	Daminozide	1.955941205	0.970466779	0.985474426	-0.157654199	-0.249011539	6023.0	25000
parasar_240419a_plate-c_granule_plate_01_sample_0293	N-Oxalylglycine	1.927460541	0.984843105	0.942617436	-0.136940729	-0.227656957	5997.0	25000
parasar_240419a_plate-c_granule_plate_01_sample_0294	N-Oxalylglycine	1.977630093	1.066841864	0.910788229	-0.157999186	-0.276276673	5995.0	25000
parasar_240419a_plate-c_granule_plate_01_sample_0317	N-Oxalylglycine	1.950560322	0.974161332	0.976398991	-0.157156798	-0.253426306	5995.0	25000
parasar_240419a_plate-c_granule_plate_01_sample_0318	N-Oxalylglycine	1.862560017	0.993819943	0.868740074	-0.159810229	-0.251288239	5999.0	25000
parasar_240419a_plate-c_granule_plate_01_sample_0009	Sulforaphane	1.958077601	1.028802051	0.929275551	-0.148641153	-0.246835798	6009.0	25000
parasar_240419a_plate-c_granule_plate_01_sample_0010	Sulforaphane	1.135434778	0.766327117	0.369107661	-0.070198139	-0.119233276	5979.0	25000
parasar_240419a_plate-c_granule_plate_01_sample_0033	Sulforaphane	2.029745995	0.956813989	1.072932006	-0.147803932	-0.245834987	5443.0	25000
parasar_240419a_plate-c_granule_plate_01_sample_0034	Sulforaphane	1.995025346	1.109685615	0.885339731	-0.138536736	-0.244718864	6005.0	25000
