sample	drug	saddle_strength_extent10_log2	relative_strength_extent10_log2	AA	BB	AB
parasar_240419a_plate-c_granule_plate_01_sample_0034	Sulforaphane	1.638569027	-0.721253939	1.185211318	1.953956361	0.504110904
parasar_240419a_plate-c_granule_plate_02_sample_0074	DMSO	1.367184722	-0.616627992	1.186465437	1.819192316	0.582567054
parasar_240419a_plate-c_granule_plate_01_sample_0161	CI-994	1.833101701	-0.874561295	1.190348604	2.182445211	0.473305117
parasar_240419a_plate-c_granule_plate_01_sample_0026	DMSO	1.678242382	-0.694400173	1.222713497	1.978609033	0.500147542
parasar_240419a_plate-c_granule_plate_01_sample_0384	DMSO	1.206888403	-0.522631078	1.178456715	1.692938831	0.621947056
parasar_240419a_plate-c_granule_plate_02_sample_0193	DMSO	1.282866773	-0.53380392	1.197555665	1.733750906	0.60235132
parasar_240419a_plate-c_granule_plate_01_sample_0185	CI-994	1.794043308	-0.878093468	1.181684729	2.171871348	0.483520318
parasar_240419a_plate-c_granule_plate_01_sample_0049	DMSO	1.537888964	-0.647281935	1.219001176	1.909217483	0.538662074
parasar_240419a_plate-c_granule_plate_01_sample_0318	N-Oxalylglycine	1.632663908	-0.734987867	1.185744033	1.973532772	0.509421035
parasar_240419a_plate-c_granule_plate_02_sample_0191	DMSO	1.513195056	-0.639306496	1.206566177	1.879323646	0.540546823
parasar_240419a_plate-c_granule_plate_01_sample_0290	DMSO	2.072168543	-0.684057181	1.334801531	2.144561111	0.413699326
parasar_240419a_plate-c_granule_plate_01_sample_0359	DMSO	1.657392731	-0.643158935	1.235507082	1.92954704	0.501679342
parasar_240419a_plate-c_granule_plate_02_sample_0384	DMSO	1.09868327	-0.478030332	1.162960951	1.619819419	0.649699175
parasar_240419a_plate-c_granule_plate_02_sample_0263	DMSO	1.436465467	-0.724713495	1.152694134	1.904910533	0.564848713
parasar_240419a_plate-c_granule_plate_02_sample_0026	DMSO	1.4611657	-0.626204537	1.204899002	1.85976039	0.556541448
parasar_240419a_plate-c_granule_plate_01_sample_0146	DMSO	1.608609052	-0.728913165	1.184997843	1.964003632	0.516301388
parasar_240419a_plate-c_granule_plate_01_sample_0242	DMSO	1.659129743	-0.702186504	1.206274979	1.962571645	0.501676092
parasar_240419a_plate-c_granule_plate_01_sample_0194	DMSO	1.576734364	-0.762725657	1.153941637	1.957884846	0.52160415
parasar_240419a_plate-c_granule_plate_02_sample_0289	DMSO	1.458360897	-0.646809221	1.20024218	1.879221022	0.560318096
parasar_240419a_plate-c_granule_plate_02_sample_0359	DMSO	1.48148025	-0.700069724	1.162325355	1.888294368	0.546245767
parasar_240419a_plate-c_granule_plate_01_sample_0081	DMSO	1.941004032	-0.698016155	1.286603906	2.087222104	0.439331407
parasar_240419a_plate-c_granule_plate_01_sample_0311	DMSO	1.761879697	-0.708228925	1.223672965	1.999233477	0.475159115
parasar_240419a_plate-c_granule_plate_01_sample_0317	N-Oxalylglycine	1.652868217	-0.744380984	1.175469691	1.969211846	0.500015841
parasar_240419a_plate-c_granule_plate_01_sample_0239	DMSO	1.265998287	-0.690703302	1.103181821	1.780612872	0.59955756
parasar_240419a_plate-c_granule_plate_01_sample_0314	DMSO	2.030314819	-0.647321028	1.324945345	2.075205024	0.416181208
parasar_240419a_plate-c_granule_plate_01_sample_0154	DMSO	1.623244826	-0.737874871	1.187793752	1.980904349	0.514286927
parasar_240419a_plate-c_granule_plate_02_sample_0120	DMSO	1.767753446	-0.593639178	1.29062841	1.947620872	0.475481331
parasar_240419a_plate-c_granule_plate_02_sample_0312	DMSO	1.499953891	-0.663376183	1.186138455	1.878587878	0.541789509
parasar_240419a_plate-c_granule_plate_02_sample_0360	DMSO	1.378926186	-0.497318722	1.212198122	1.711123909	0.562015793
parasar_240419a_plate-c_granule_plate_02_sample_0192	DMSO	1.504328889	-0.526728279	1.24517567	1.79387277	0.535623358
parasar_240419a_plate-c_granule_plate_01_sample_0287	DMSO	1.565954121	-0.690378085	1.186224472	1.91421798	0.523593826
parasar_240419a_plate-c_granule_plate_02_sample_0170	DMSO	1.422395198	-0.595232795	1.21821409	1.840375928	0.570568316
parasar_240419a_plate-c_granule_plate_02_sample_0098	DMSO	1.412272476	-0.633760426	1.186329877	1.840714215	0.568659598
parasar_240419a_plate-c_granule_plate_01_sample_0082	DMSO	1.709733321	-0.722695181	1.205616784	1.989583692	0.488412873
parasar_240419a_plate-c_granule_plate_01_sample_0096	DMSO	1.336063643	-0.582846694	1.180582621	1.768278733	0.58402189
parasar_240419a_plate-c_granule_plate_02_sample_0314	DMSO	1.346932123	-0.626735886	1.173863473	1.812524518	0.587015088
parasar_240419a_plate-c_granule_plate_01_sample_0024	DMSO	0.725871753	-0.318993404	1.113158221	1.388620208	0.756327127
parasar_240419a_plate-c_granule_plate_01_sample_0155	Daminozide	1.66199395	-0.735931518	1.192159659	1.985509108	0.502075002
parasar_240419a_plate-c_granule_plate_02_sample_0049	DMSO	1.277924424	-0.525906109	1.195664674	1.721562967	0.601515386
parasar_240419a_plate-c_granule_plate_02_sample_0072	DMSO	1.211370278	-0.556558805	1.158750264	1.704239946	0.618202957
parasar_240419a_plate-c_granule_plate_02_sample_0001	DMSO	1.029109208	-0.511143311	1.142755903	1.628631918	0.679007495
parasar_240419a_plate-c_granule_plate_01_sample_0281	Chidamide	1.127223625	-0.331576645	1.211970701	1.525129203	0.626516525
parasar_240419a_plate-c_granule_plate_02_sample_0362	DMSO	1.160490782	-0.503570994	1.170915771	1.660028827	0.633226148
parasar_240419a_plate-c_granule_plate_01_sample_0162	CI-994	1.846881217	-0.928238067	1.167604443	2.221893509	0.471127804
parasar_240419a_plate-c_granule_plate_02_sample_0145	DMSO	1.33760202	-0.538554501	1.216140675	1.766464334	0.590075275
parasar_240419a_plate-c_granule_plate_01_sample_0312	DMSO	1.802875007	-0.673382301	1.258419337	2.006936604	0.467930202
parasar_240419a_plate-c_granule_plate_02_sample_0095	DMSO	1.549292402	-0.686084277	1.188051925	1.911469485	0.529518527
parasar_240419a_plate-c_granule_plate_01_sample_0047	DMSO	1.11851782	-0.513823641	1.140557286	1.628521257	0.637672759
parasar_240419a_plate-c_granule_plate_02_sample_0338	DMSO	1.419281325	-0.688069794	1.157258919	1.864490539	0.564913829
parasar_240419a_plate-c_granule_plate_01_sample_0167	DMSO	1.748229069	-0.707956372	1.228519785	2.006773044	0.481519867
parasar_240419a_plate-c_granule_plate_01_sample_0168	DMSO	1.43950081	-0.610648414	1.17964747	1.801257201	0.549522108
parasar_240419a_plate-c_granule_plate_02_sample_0121	DMSO	1.386508801	-0.589046502	1.196576176	1.799952389	0.573070019
parasar_240419a_plate-c_granule_plate_01_sample_0180	Daminozide	1.593163577	-0.726251217	1.171153883	1.937480603	0.515168903
parasar_240419a_plate-c_granule_plate_02_sample_0242	DMSO	1.497123508	-0.583801983	1.234523694	1.850296546	0.546412698
parasar_240419a_plate-c_granule_plate_01_sample_0023	DMSO	0.980103833	-0.46518523	1.134200381	1.565757485	0.684362712
parasar_240419a_plate-c_granule_plate_01_sample_0192	DMSO	1.670055242	-0.596906076	1.267534266	1.917106952	0.500372915
parasar_240419a_plate-c_granule_plate_01_sample_0050	DMSO	1.482198042	-0.71129969	1.154854824	1.890818904	0.545088866
parasar_240419a_plate-c_granule_plate_02_sample_0217	DMSO	1.165300199	-0.505462728	1.17123409	1.662658846	0.631776008
parasar_240419a_plate-c_granule_plate_01_sample_0265	DMSO	1.494396289	-0.625653953	1.210533801	1.867744763	0.546285677
parasar_240419a_plate-c_granule_plate_01_sample_0072	DMSO	1.319926582	-0.591892128	1.169473213	1.762655999	0.587239981
parasar_240419a_plate-c_granule_plate_01_sample_0119	DMSO	1.723947305	-0.753142604	1.198724361	2.020402262	0.487245924
parasar_240419a_plate-c_granule_plate_02_sample_0194	DMSO	1.440452031	-0.615772503	1.202492604	1.842673575	0.560998543
parasar_240419a_plate-c_granule_plate_01_sample_0145	DMSO	1.690361869	-0.637992488	1.245142528	1.937643797	0.493091892
parasar_240419a_plate-c_granule_plate_01_sample_0179	Daminozide	1.626588067	-0.742113865	1.182446724	1.977789724	0.511726353
parasar_240419a_plate-c_granule_plate_02_sample_0024	DMSO	0.904021108	-0.387399404	1.140864582	1.492289003	0.703572288
parasar_240419a_plate-c_granule_plate_02_sample_0290	DMSO	1.355556213	-0.613915874	1.184973184	1.813491879	0.585876281
parasar_240419a_plate-c_granule_plate_01_sample_0098	DMSO	1.737973534	-0.727321365	1.220281262	2.020251743	0.485740469
parasar_240419a_plate-c_granule_plate_01_sample_0240	DMSO	1.629588853	-0.614826829	1.230552749	1.884436696	0.503351606
parasar_240419a_plate-c_granule_plate_01_sample_0144	DMSO	1.321911936	-0.619941482	1.15190429	1.770261307	0.584439665
parasar_240419a_plate-c_granule_plate_02_sample_0241	DMSO	1.311193671	-0.537641841	1.21067041	1.757406583	0.598048688
parasar_240419a_plate-c_granule_plate_02_sample_0216	DMSO	1.504588612	-0.560590663	1.23914321	1.827578779	0.540403444
parasar_240419a_plate-c_granule_plate_01_sample_0362	DMSO	1.313693395	-0.551558722	1.195057745	1.751558355	0.592696612
parasar_240419a_plate-c_granule_plate_01_sample_0294	N-Oxalylglycine	1.694118372	-0.735059163	1.205545599	2.006589331	0.496344642
parasar_240419a_plate-c_granule_plate_02_sample_0119	DMSO	1.826206112	-0.727203562	1.227425543	2.031913622	0.459575366
parasar_240419a_plate-c_granule_plate_02_sample_0096	DMSO	1.356023565	-0.498997392	1.21732692	1.720364249	0.573815631
parasar_240419a_plate-c_granule_plate_01_sample_0025	DMSO	1.362782269	-0.590368665	1.204193138	1.813071056	0.586603977
parasar_240419a_plate-c_granule_plate_01_sample_0337	DMSO	1.445445099	-0.609203809	1.201621981	1.832974758	0.557119884
parasar_240419a_plate-c_granule_plate_02_sample_0146	DMSO	1.494733765	-0.618611109	1.220834045	1.874464118	0.549177576
parasar_240419a_plate-c_granule_plate_01_sample_0120	DMSO	1.504694923	-0.590760198	1.226994956	1.847903624	0.541804358
parasar_240419a_plate-c_granule_plate_01_sample_0336	DMSO	1.571413331	-0.598157407	1.231633127	1.864423992	0.520878486
parasar_240419a_plate-c_granule_plate_01_sample_0383	DMSO	1.311015089	-0.516626552	1.209640553	1.730519219	0.592496881
parasar_240419a_plate-c_granule_plate_02_sample_0144	DMSO	1.382976506	-0.595074585	1.186727388	1.792611859	0.571179419
parasar_240419a_plate-c_granule_plate_01_sample_0293	N-Oxalylglycine	1.650380435	-0.737252216	1.184125367	1.973934402	0.50300967
parasar_240419a_plate-c_granule_plate_01_sample_0169	DMSO	1.508237806	-0.620552487	1.204858988	1.852427137	0.537379716
parasar_240419a_plate-c_granule_plate_01_sample_0186	CI-994	1.722666151	-0.857927983	1.17378198	2.127401666	0.500109962
parasar_240419a_plate-c_granule_plate_01_sample_0289	DMSO	1.502167999	-0.554488573	1.228833317	1.804723487	0.535456888
parasar_240419a_plate-c_granule_plate_01_sample_0002	DMSO	1.293710313	-0.539953412	1.191094688	1.731763018	0.596117769
parasar_240419a_plate-c_granule_plate_02_sample_0215	DMSO	1.440699067	-0.666607474	1.168514893	1.854825667	0.556882334
parasar_240419a_plate-c_granule_plate_02_sample_0071	DMSO	1.168049891	-0.617870921	1.120600661	1.719683621	0.631995172
parasar_240419a_plate-c_granule_plate_02_sample_0143	DMSO	1.188398918	-0.733782743	1.075662332	1.788819731	0.628452402
parasar_240419a_plate-c_granule_plate_02_sample_0240	DMSO	1.47447642	-0.523324768	1.242975873	1.786484084	0.545096747
parasar_240419a_plate-c_granule_plate_02_sample_0335	DMSO	1.518194944	-0.658852109	1.190902002	1.880226948	0.536100039
parasar_240419a_plate-c_granule_plate_01_sample_0143	DMSO	1.314939714	-0.670751724	1.122052462	1.786197806	0.584474388
parasar_240419a_plate-c_granule_plate_01_sample_0156	Daminozide	1.613974136	-0.739213132	1.181243867	1.971809218	0.51504676
parasar_240419a_plate-c_granule_plate_01_sample_0001	DMSO	1.046574511	-0.47903469	1.148265003	1.600464108	0.665352244
parasar_240419a_plate-c_granule_plate_01_sample_0009	Sulforaphane	1.604705927	-0.668879668	1.211767426	1.92651377	0.515937673
parasar_240419a_plate-c_granule_plate_01_sample_0122	DMSO	1.221016972	-0.509609823	1.149378849	1.636330569	0.597507117
parasar_240419a_plate-c_granule_plate_01_sample_0313	DMSO	1.586075452	-0.663334244	1.197629702	1.8967324	0.515329318
parasar_240419a_plate-c_granule_plate_02_sample_0002	DMSO	1.283063077	-0.582992464	1.179948556	1.76750761	0.605587479
parasar_240419a_plate-c_granule_plate_01_sample_0266	DMSO	2.12039166	-0.649191703	1.370083699	2.148687585	0.404631372
parasar_240419a_plate-c_granule_plate_02_sample_0050	DMSO	1.529484282	-0.602422968	1.245144201	1.890458002	0.543088139
parasar_240419a_plate-c_granule_plate_02_sample_0361	DMSO	1.061700631	-0.387662884	1.190664259	1.557713106	0.658328461
parasar_240419a_plate-c_granule_plate_02_sample_0168	DMSO	1.553918976	-0.529931206	1.250399633	1.805402444	0.520378091
parasar_240419a_plate-c_granule_plate_01_sample_0258	Chidamide	1.104045121	-0.339124479	1.208016722	1.528127483	0.636441204
parasar_240419a_plate-c_granule_plate_01_sample_0058	DMSO	1.544113746	-0.755623871	1.153886404	1.948177425	0.531858592
parasar_240419a_plate-c_granule_plate_02_sample_0023	DMSO	1.182951258	-0.567641479	1.153175513	1.709119873	0.630348382
parasar_240419a_plate-c_granule_plate_02_sample_0169	DMSO	1.089253877	-0.420476033	1.179345767	1.578399922	0.648076284
parasar_240419a_plate-c_granule_plate_02_sample_0268	DMSO	1.407759383	-0.645170605	1.183763571	1.851316515	0.571955655
parasar_240419a_plate-c_granule_plate_01_sample_0073	DMSO	1.58465229	-0.620606387	1.235885812	1.900200748	0.522793493
parasar_240419a_plate-c_granule_plate_01_sample_0177	DMSO	1.914541117	-0.7520313	1.233540303	2.077482254	0.439134785
parasar_240419a_plate-c_granule_plate_02_sample_0265	DMSO	1.316556476	-0.56227324	1.196688594	1.767023245	0.594953453
parasar_240419a_plate-c_granule_plate_01_sample_0121	DMSO	1.503449137	-0.612529695	1.213014745	1.854624069	0.540992123
parasar_240419a_plate-c_granule_plate_02_sample_0337	DMSO	1.265742739	-0.555225731	1.182970871	1.738255652	0.607447443
parasar_240419a_plate-c_granule_plate_01_sample_0033	Sulforaphane	1.956447412	-0.656742755	1.314359653	2.072113251	0.436282963
parasar_240419a_plate-c_granule_plate_01_sample_0193	DMSO	1.439730979	-0.568379374	1.208873763	1.792586793	0.553223264
parasar_240419a_plate-c_granule_plate_02_sample_0313	DMSO	1.390678719	-0.643621443	1.193973135	1.865279491	0.583377046
parasar_240419a_plate-c_granule_plate_01_sample_0215	DMSO	1.649437322	-0.708752272	1.206087551	1.971217419	0.506405946
parasar_240419a_plate-c_granule_plate_02_sample_0097	DMSO	1.260343308	-0.544996961	1.184954885	1.728869642	0.608180174
parasar_240419a_plate-c_granule_plate_01_sample_0095	DMSO	1.769047204	-0.686831618	1.2428072	2.000601912	0.475812081
parasar_240419a_plate-c_granule_plate_01_sample_0257	Chidamide	1.077980792	-0.316389027	1.199098766	1.493129732	0.637642665
parasar_240419a_plate-c_granule_plate_02_sample_0244	DMSO	1.369245517	-0.651440525	1.170275026	1.838192864	0.582279383
parasar_240419a_plate-c_granule_plate_02_sample_0243	DMSO	1.51739647	-0.61865515	1.232858763	1.892984612	0.545953136
parasar_240419a_plate-c_granule_plate_02_sample_0122	DMSO	1.282915669	-0.620440685	1.154693964	1.775162653	0.602032967
parasar_240419a_plate-c_granule_plate_02_sample_0336	DMSO	1.50022886	-0.680302846	1.178094649	1.887868527	0.541904867
parasar_240419a_plate-c_granule_plate_01_sample_0335	DMSO	1.882358412	-0.704527363	1.273474129	2.075267074	0.454156198
parasar_240419a_plate-c_granule_plate_02_sample_0264	DMSO	1.339405029	-0.592885853	1.164544298	1.756436441	0.577161838
parasar_240419a_plate-c_granule_plate_01_sample_0010	Sulforaphane	1.249139745	-0.58666916	1.159254511	1.740940022	0.610054453
parasar_240419a_plate-c_granule_plate_01_sample_0074	DMSO	1.674947651	-0.670279234	1.229084765	1.955942081	0.49873933
parasar_240419a_plate-c_granule_plate_02_sample_0266	DMSO	1.448937598	-0.58147621	1.218507735	1.823350126	0.557102673
parasar_240419a_plate-c_granule_plate_01_sample_0057	DMSO	1.751152454	-0.682794062	1.242526531	1.994560271	0.480811597
parasar_240419a_plate-c_granule_plate_01_sample_0170	DMSO	1.747561205	-0.706889046	1.229941694	2.007609908	0.482079165
parasar_240419a_plate-c_granule_plate_01_sample_0191	DMSO	1.506332327	-0.723679849	1.151236245	1.901138671	0.537225559
parasar_240419a_plate-c_granule_plate_01_sample_0048	DMSO	1.154425568	-0.531900414	1.160834626	1.678372415	0.637749819
parasar_240419a_plate-c_granule_plate_02_sample_0218	DMSO	1.345123157	-0.662333579	1.16230946	1.839518022	0.590790245
parasar_240419a_plate-c_granule_plate_01_sample_0178	DMSO	1.680819109	-0.735498063	1.192361297	1.985248377	0.495556965
parasar_240419a_plate-c_granule_plate_01_sample_0097	DMSO	1.759398398	-0.595542661	1.291299271	1.951205945	0.478871505
parasar_240419a_plate-c_granule_plate_01_sample_0153	DMSO	1.72699507	-0.659901262	1.241942434	1.962237359	0.483960106
parasar_240419a_plate-c_granule_plate_01_sample_0360	DMSO	1.73037404	-0.713303201	1.220808143	2.001580573	0.485571784
parasar_240419a_plate-c_granule_plate_01_sample_0338	DMSO	1.814244681	-0.692143538	1.244528951	2.010763393	0.462826197
parasar_240419a_plate-c_granule_plate_02_sample_0287	DMSO	1.307777394	-0.681010536	1.135728091	1.820870108	0.597148147
parasar_240419a_plate-c_granule_plate_01_sample_0071	DMSO	1.547219915	-0.529763021	1.262595325	1.822798811	0.527862791
parasar_240419a_plate-c_granule_plate_02_sample_0267	DMSO	1.514447715	-0.565797373	1.250077176	1.850370972	0.542625611
parasar_240419a_plate-c_granule_plate_01_sample_0218	DMSO	1.5776482	-0.72522791	1.172052406	1.937592235	0.52090837
parasar_240419a_plate-c_granule_plate_02_sample_0073	DMSO	1.359829074	-0.580659538	1.205684282	1.803140374	0.586161842
parasar_240419a_plate-c_granule_plate_01_sample_0217	DMSO	1.644749734	-0.586292304	1.265585008	1.900128147	0.506200489
parasar_240419a_plate-c_granule_plate_02_sample_0025	DMSO	1.182241289	-0.567670281	1.160085982	1.719396195	0.634445482
parasar_240419a_plate-c_granule_plate_01_sample_0216	DMSO	1.567205541	-0.60451317	1.234913711	1.877643808	0.525184032
parasar_240419a_plate-c_granule_plate_02_sample_0383	DMSO	1.213769761	-0.686518458	1.105625135	1.779387567	0.621923014
parasar_240419a_plate-c_granule_plate_01_sample_0241	DMSO	1.710467317	-0.625691366	1.242354271	1.916890595	0.482671131
parasar_240419a_plate-c_granule_plate_01_sample_0282	Chidamide	1.056764532	-0.331165638	1.205993173	1.517174867	0.654525579
parasar_240419a_plate-c_granule_plate_01_sample_0361	DMSO	1.298125981	-0.577242056	1.183008296	1.765041673	0.599418285
